0	0.40404	0	0.40404	0	0.20202	0	0.10101	0	0		1	0
0.30303	0.40404	0.40404	0.40404	0.10101	0.20202	0.909091	0.606061	0	0.30303		1	1
0	0.20202	0	0.20202	0	0.20202	0.10101	0.10101	0	0		1	2
0.707071	0.505051	0	0.505051	0.606061	0.20202	0.30303	0.20202	0	0.707071		1	3
0	0.30303	0.20202	0.30303	0	0.20202	0	0.10101	0	0		1	4
0.909091	0.707071	0.707071	0.707071	0.606061	0.808081	0.909091	0.606061	0	0.909091		2	5
0	0	0	0	0	0.20202	-0.18	0.10101	0	0		1	6
0	0.10101	0	0.10101	0	0.20202	0	0.10101	0	0.10101		1	7
0	0.10101	0	0.10101	0	0	0	0.10101	0.40404	0		1	8
0.10101	0.30303	0	0.30303	0	0.10101	0	0.10101	0	0		1	9
0	0	0	0	0	0.20202	0	0	0	0		1	10
0	0.10101	0	0.10101	0	0.10101	0	0.10101	0	0		1	11
0.20202	0.40404	0.20202	0.40404	0.30303	0.30303	0.20202	-0.09	0	0.20202		2	12
0	0	0	0	0	0.20202	0.20202	0.10101	0	0		1	13
0.606061	0.707071	0.909091	0.707071	0.40404	0.40404	0.808081	0.606061	0.30303	0.40404		2	14
0.30303	0.606061	0.30303	0.606061	0.20202	0.30303	0	0.505051	0	0.505051		2	15
0	0.30303	0	0.30303	0	0.10101	0	0.10101	0	0		1	16
0	0.30303	0	0.30303	0	0.20202	0	0.10101	0	0		1	17
0.606061	0.909091	0.505051	0.909091	0	0.30303	0.909091	0.30303	0.10101	0.606061		2	18
0	0.505051	0	0.505051	0	0.20202	0	0.10101	0	0		1	19
0.20202	0.606061	0.909091	0.606061	0.30303	0.40404	0.909091	0.40404	0.30303	0.10101		2	20
0.40404	0.909091	0.20202	0.909091	0.909091	0.606061	0.606061	0.505051	0	0.40404		2	21
0	0.20202	0	0.20202	0	0.10101	0	-0.09	0	0		1	22
0.30303	0.707071	0	0.707071	0.20202	0.606061	-0.27	0.10101	0	0.40404		2	23
0	0	0	0	0	0.20202	0	0.10101	0	0		1	24
0.10101	0.40404	0.30303	0.40404	0.505051	0.20202	0.606061	0.10101	0	0.20202		2	25
0.10101	0.20202	0	0.20202	0	0.10101	0	0	0	0		1	26
0	0.40404	0	0.40404	0	0.10101	0	0.10101	0	0		1	27
0	0.10101	0	0.10101	0	0.10101	0	0.10101	0	0		1	28
0	0	0	0	0	0	0	0.10101	0	0.20202		1	29
-0.09	0.20202	0	0.20202	0	0.10101	0	0	0	0		1	30
0	0.10101	0	0.10101	0	0.20202	0	0.10101	0	0		1	31
0.606061	0.909091	0.20202	0.909091	0.30303	0.606061	0.40404	0.707071	0.20202	0.606061		2	32
0	0.10101	0.10101	0.10101	0	0.20202	0	-0.09	0	0		1	33
0	0.20202	0	0.20202	0	0.10101	0	0.10101	0	0.10101		1	34
0	0.10101	0	0.10101	0	0.10101	0	0.10101	0	0		1	35
0.909091	0.909091	0.707071	0.909091	0.808081	0.707071	0	0.505051	0	0.909091		2	36
0.10101	0.505051	0	0.505051	0	0.606061	0	0	0	0		1	37
0.30303	0.40404	0.808081	0.40404	0.505051	0.40404	0.909091	0.10101	0	0.30303		2	38
0.40404	0.10101	0.20202	0.10101	0.40404	0.606061	0.606061	0.505051	0	0.20202		2	39
0.505051	0.505051	0.808081	0.505051	0.707071	0.606061	-0.18	0.505051	0	0.505051		1	40
0.30303	0.909091	0	0.909091	0.40404	0.505051	0.20202	0.20202	0.10101	0.20202		2	41
0.909091	0.505051	0.10101	0.505051	0.20202	0.606061	0.909091	0.707071	0.20202	0.909091		2	42
0.505051	0.40404	0.505051	0.40404	0	0.20202	0	0.909091	0	0.40404		2	43
0.909091	0.909091	0.30303	0.909091	0.909091	0.707071	0	0.707071	0	0.909091		2	44
0	0	0	0	0	0.10101	0	0.10101	0.10101	-0.09		1	45
0.606061	0.20202	0.30303	0.20202	0.707071	0.30303	0.808081	0.30303	0	0.606061		2	46
0	0	0	0	0	0.10101	0	0.10101	0	0		1	47
0	0.30303	0.20202	0.30303	0	0.20202	0	0.10101	0	0		1	48
0.707071	0.606061	0.10101	0.606061	0.707071	0.20202	0.707071	-0.09	0.10101	0.606061		2	49
0.40404	0.808081	0	0.808081	0	0.10101	0.20202	0.10101	0.40404	0.707071		2	50
0.20202	0.40404	0.30303	0.40404	0.30303	0.20202	0.30303	0.10101	0	0.20202		2	51
0.20202	0.909091	0.10101	0.909091	0.909091	0.30303	0.40404	0.20202	0.10101	0.505051		2	52
0.40404	0.40404	0.707071	0.40404	0.20202	0.606061	0.707071	0.909091	0.606061	0.40404		2	53
0.40404	0.909091	0.505051	0.909091	0	0.606061	0.707071	0.707071	0	0.40404		2	54
0.505051	0.909091	0.20202	0.909091	0.505051	0.20202	0.40404	0.30303	0	0.505051		2	55
-0.09	0.707071	0	0.707071	0.808081	0.20202	0.505051	0.20202	0	0.909091		2	56
0.10101	0.707071	0	0.707071	-0.09	0.40404	0	0.40404	0.30303	0.30303		2	57
0.10101	0.40404	0	0.40404	0	0.40404	0.909091	0.505051	0	0.20202		2	58
0.40404	0.808081	0.10101	0.808081	0	0.40404	0.10101	0.10101	0	0.40404		2	59
0.20202	0.40404	0.40404	0.40404	0.909091	0.30303	0.20202	0.20202	0	0.40404		2	60
0	0	0	0	0	0.10101	0.10101	0.10101	0	0		1	61
0.909091	0.808081	0	0.808081	0.20202	0.20202	0.707071	0.909091	0	0.909091		2	62
0.20202	0.505051	0	0.505051	0.808081	0.20202	0.10101	0.40404	0	0.30303		2	63
0	0	0	0	0	0.10101	0	0.10101	0	0		1	64
0.30303	0.909091	0	0.909091	0.20202	0.30303	0.10101	0.20202	0.909091	0.10101		2	65
0	0.30303	0	0.30303	0	0.20202	0	0.10101	0	0		1	66
0.20202	0.40404	0	0.40404	0.808081	0.30303	0.909091	0.707071	0	0.30303		2	67
0.20202	0.707071	0.20202	0.707071	0.808081	0.707071	0.808081	0.30303	0.707071	-0.09		2	68
0	0	0	0	0.10101	0.20202	0	0.10101	0	0		1	69
0	0.40404	0	0.40404	0	0.10101	0	0.10101	0	0.20202		1	70
-0.09	0.505051	0.707071	0.505051	0.707071	0.606061	0.10101	0.909091	0.909091	0.10101		2	71
0.20202	0	0.10101	0	0.10101	0.606061	0	0.10101	0	0.20202		1	72
0.30303	0.808081	0.909091	0.808081	0.707071	0.30303	0.909091	0.505051	0	0.40404		2	73
0.505051	0.909091	0	0.909091	0.10101	0.20202	0.30303	-0.09	0.20202	0.30303		2	74
0	0	0	0	0.10101	0.30303	0.10101	0.10101	0	0.10101		1	75
0	0	0	0	0	0.10101	0	0.10101	0	0.30303		1	76
0.20202	0.40404	0.10101	0.40404	0	0.10101	0	0.10101	0	0		1	77
0	0.20202	0	0.20202	0	0.20202	0.20202	0.10101	0	0		1	78
0	0.10101	0	0.10101	0	0.10101	0	0.20202	0	0		1	79
0.10101	0.10101	0	0.10101	0	0.606061	0	0	0	0.10101		1	80
0	0.30303	0.10101	0.30303	0	0.10101	0	0.10101	0	0		1	81
0.10101	0.40404	0	0.40404	0	0.20202	0	0.10101	0	0		1	82
0	0.20202	0	0.20202	0	0.606061	0.10101	0.10101	0	0		1	83
0.40404	0.20202	0.707071	0.20202	0.909091	0.606061	0.808081	0.707071	0.606061	0.606061		2	84
0.909091	0.40404	0	0.40404	0.909091	0.30303	0.30303	0.909091	0.909091	0.505051		2	85
0.20202	0.20202	0.30303	0.20202	0.30303	0.30303	0.707071	0.40404	0	0.505051		2	86
0.505051	0.20202	0.505051	0.20202	0.707071	0.505051	0.909091	0.40404	0.20202	0.505051		2	87
0	0.30303	0	0.30303	0	0.20202	0	0.10101	0	0		1	88
0	0.10101	0.10101	0.10101	0	0.10101	0	0.20202	0	0		1	89
0	0	0	0	0	0.20202	0	0.10101	0	0		1	90
0	-0.09	0.10101	-0.09	0	0	0	0.10101	0	0		1	91
0	0.30303	0	0.30303	0	0.20202	0	0.10101	0	-0.09		1	92
0	0	0	0	0	0.10101	0	0.10101	0	0		1	93
0	0.10101	0	0.10101	0	0.20202	0	0.10101	0	0		1	94
0	0	0	0	0	0.20202	0	0.10101	0	0		1	95
0	0.10101	0.10101	0.10101	0	0	0	0.10101	0	0		1	96
0	0.40404	0	0.40404	0	0.20202	0	0.10101	0	0		1	97
0.505051	0.808081	0.10101	0.808081	0.808081	0.10101	0.505051	0.909091	0.909091	0.808081		2	98
0.40404	0.606061	0.909091	0.606061	0.808081	0.606061	0.909091	0.40404	0.30303	0.505051		2	99
0.20202	0.909091	0	0.909091	0.909091	0.20202	0.40404	0.909091	0.10101	0.40404		2	100
0.20202	0.10101	0.30303	0.10101	0.40404	0.10101	0.40404	0.10101	0	0.30303		2	101
0	0.30303	0	0.30303	0	0.20202	0	0.10101	0	-0.09		1	102
0.10101	0.707071	0	0.707071	0	0.606061	0.20202	0.505051	0	0.20202		2	103
0.909091	0.909091	0.909091	0.909091	0.707071	0.707071	0	0.909091	0.707071	0.909091		2	104
0.20202	0.606061	0.30303	0.606061	0.10101	0.20202	0.20202	0.20202	0.606061	0.30303		2	105
0.909091	0.909091	0.707071	0.909091	0	-0.09	0.909091	0.10101	0	0.909091		2	106
0.505051	0	0.909091	0	0.606061	0.40404	0.909091	0.707071	0	0.707071		2	107
0	0	0	0	0.20202	0.10101	0	0.10101	0	0		1	108
0.40404	0.505051	0.30303	0.505051	0.707071	0.606061	0.808081	0.20202	0.20202	0.30303		2	109
0.20202	0	0.10101	0	0.20202	0.40404	0.10101	0.10101	0.10101	0		1	110
0.505051	-0.09	0.20202	-0.09	0	0.20202	0.808081	-0.09	0	0.30303		2	111
0.20202	0.909091	0.909091	0.909091	0.20202	0.606061	0.909091	0.10101	0.20202	0.20202		2	112
0.909091	0.909091	0.20202	0.909091	0	0.707071	0.707071	0.909091	0	0.909091		2	113
0.20202	0.20202	0	0.20202	0	0.20202	0.20202	0.10101	0	0.10101		1	114
0	0	0	0	0	0	0.40404	0.10101	0	0		1	115
0.20202	0.707071	0	0.707071	0.10101	0.20202	0.10101	0.10101	0	0.20202		1	116
0.40404	0.30303	0.909091	0.30303	0.40404	0.606061	0.909091	0.30303	0.707071	0.40404		2	117
0	0	0	0	0	0	0.20202	0.30303	0	0		1	118
0.10101	0.20202	0	0.20202	0	0.20202	0.10101	0.10101	0	0		1	119
0	0	0.10101	0	0	0.20202	0	0.10101	0	0.10101		1	120
0.10101	0.30303	0	0.30303	0	0.20202	0.10101	0.10101	0	0		1	121
0.909091	0.909091	0.10101	0.909091	0.20202	0.40404	0.909091	0.909091	0.20202	0.909091		2	122
-0.09	0.40404	0	0.40404	0.20202	0.40404	0.909091	0.707071	0	0.40404		2	123
0.30303	0.40404	0.606061	0.40404	0.909091	0.707071	0.606061	0.808081	0	0.505051		2	124
0	0	0	0	0	0.10101	0	0.10101	0	0		1	125
0.40404	0.606061	0.606061	0.606061	0.40404	0.606061	0.909091	-0.09	0.40404	0.20202		2	126
0	0.20202	0	0.20202	0	0.20202	0	0.10101	0	0		1	127
0.20202	0.707071	0.30303	0.707071	0.505051	0	0.909091	0.40404	0.10101	0.40404		2	128
0	0	0	0	0	0	0	0.909091	0	0		1	129
0	0.40404	0	0.40404	0	0.10101	0	0.10101	0	0.20202		1	130
0	0.10101	0	0.10101	0	0.20202	0	0.10101	0	0		1	131
0.909091	0.40404	0.909091	0.40404	0.505051	0.20202	0.909091	0.707071	0.20202	0.707071		2	132
0	0.20202	0	0.20202	0.10101	0.10101	0	0.10101	0	0		1	133
0	0.20202	0	0.20202	0	0.10101	0	0.20202	0	0		1	134
0	0.40404	0	0.40404	0.20202	0.20202	0.10101	0.10101	0	0		1	135
0	0.30303	0	0.30303	0	0.10101	0	0.10101	0	0		1	136
0	0.20202	0	0.20202	0	0	-0.09	0.10101	0	0		1	137
0	0.30303	0	0.30303	-0.09	0.10101	0	0.10101	0	0.10101		1	138
0	0	0	0	0	0.10101	-0.18	0	0	0		1	139
0	0.20202	0	0.20202	0	0	0	0.10101	0	0		1	140
0	0.10101	0	0.10101	0	0	0	0.10101	0	0		1	141
0.40404	0.808081	0.30303	0.808081	0.20202	0.30303	0.40404	-0.09	0.20202	0.40404		2	142
0	0	0	0	0	0	0.40404	0.10101	0	0		1	143
0	0.10101	0	0.10101	0	0.10101	0	0.10101	0	-0.09		1	144
0	0	0	0	0	0.10101	-0.18	0.10101	0	0.20202		1	145
0.30303	0.20202	0.10101	0.20202	0	0.30303	0.707071	0.505051	0	0.40404		2	146
-0.09	0	0	0	0	0.10101	0.10101	0.20202	0	0		1	147
0	0.20202	0.20202	0.20202	0.707071	0.40404	0	0.707071	0	0		1	148
0.707071	-0.09	0.30303	-0.09	0.707071	0.606061	0.909091	0.909091	0.606061	0.606061		2	149
0	0	0	0	0	0.20202	0	0	0	0		1	150
0.10101	0.606061	0	0.606061	0.30303	0.40404	0.909091	0.505051	0.20202	0.30303		2	151
0.909091	0.909091	0.505051	0.909091	0.909091	0.707071	0.40404	0.30303	0	0.707071		2	152
0	0.30303	0	0.30303	0	0	0.20202	0.10101	0	0		1	153
0	0	0	0	0	0	0	0.10101	0	0		1	154
0.40404	0.40404	0.505051	0.40404	0	0.20202	0.909091	0.20202	0	0.40404		2	155
0.10101	0	0	0	0	0.10101	0	0.10101	0	0.10101		1	156
0	0.10101	0	0.10101	0	0.20202	0	0.10101	0	0		1	157
0	0	0	0	0	0	-0.18	0.20202	0	0.10101		1	158
0.808081	0.808081	0.20202	0.808081	0.909091	0.606061	0.909091	0.505051	0.505051	0.909091		2	159
0.606061	0.909091	0.30303	0.909091	0.606061	0.40404	0.909091	0.40404	0.10101	0.606061		2	160
0	0.30303	0	0.30303	0.10101	0.20202	0	0.10101	0	0		1	161
0	0.20202	0	0.20202	0	0.20202	0	0.10101	0	0		1	162
0	0	0.10101	0	0	0	0.20202	0	0.606061	0		1	163
0	0.40404	0	0.40404	0	0.20202	-0.18	0.10101	0	0		1	164
0	0.30303	0	0.30303	0.10101	-0.09	0.10101	0.10101	0	0		1	165
0.505051	0.40404	0.707071	0.40404	0.909091	0.20202	0.909091	0.707071	0.20202	0.606061		2	166
0.707071	0.909091	0.909091	0.909091	0	0.20202	0	-0.09	0.909091	0.909091		2	167
0	0.20202	0	0.20202	0	0.20202	0	0.10101	0	0		1	168
0	0	0.10101	0	-0.09	0	0	0	0	0		1	169
0	0.20202	0	0.20202	0	0	0	0.10101	0	0		1	170
0	0	0	0	0	0.20202	0	0.10101	0	0		1	171
0	0	0	0	0	0.10101	0	0.10101	0	0		1	172
0.909091	0.505051	0.909091	0.505051	0.909091	0.909091	0.909091	0.707071	0.606061	0.909091		2	173
0.505051	0.707071	0.30303	0.707071	0	0.505051	0.909091	0.20202	0	0.40404		2	174
0.707071	0.40404	0.606061	0.40404	0.606061	0.40404	0.909091	0.909091	0	0.606061		2	175
0	0.10101	0	0.10101	0	0.20202	0	0.10101	0	0		1	176
0.909091	0.40404	0.20202	0.40404	0.909091	0.40404	0	0.707071	0.20202	0.909091		2	177
-0.09	0.30303	0	0.30303	0	0.20202	0	0.10101	0	0		1	178
0.20202	0.40404	0.20202	0.40404	0	0.20202	0.909091	0.505051	0	0.20202		2	179
0	0	0	0	0	0.20202	0	0	0	0		1	180
0	0	0	0	0	0	0	0.10101	0	0		1	181
0	0.505051	0	0.505051	0	0.20202	0	0.10101	0	-0.09		1	182
0.707071	0.40404	0.707071	0.40404	0.707071	0.606061	0.909091	0.40404	0	0.707071		2	183
0.606061	0.707071	0.30303	0.707071	0	0.40404	0.909091	0.30303	0	0.505051		2	184
-0.09	0.10101	0	0.10101	-0.09	0.20202	0	0	0	0		1	185
0.40404	0	0.505051	0	0.909091	0.606061	0.707071	0.40404	0	0.707071		2	186
0.40404	0.909091	0.909091	0.909091	0.606061	0.606061	0.909091	0.505051	0.909091	0.505051		2	187
0.707071	0.40404	0.909091	0.40404	0.909091	0.808081	0.707071	0.40404	0	0.30303		2	188
0.10101	0	0	0	0	0.20202	0	0.10101	0	-0.09		1	189
0.909091	0.909091	0.707071	0.909091	0.909091	0.606061	0.707071	0.505051	0	0.909091		2	190
0.40404	0.606061	0.909091	0.606061	0.909091	0.30303	0.909091	0.909091	0.20202	0.909091		2	191
0	0.40404	0	0.40404	0	0.10101	0	0.10101	0	0		1	192
0	0	0	0	0	0.20202	0	0.10101	0	0		1	193
0	0.20202	0	0.20202	0	0.20202	0	0.10101	0	-0.09		1	194
0	0.30303	0	0.30303	0	0.20202	0	0.10101	0	0		1	195
0.30303	0.707071	0.40404	0.707071	0.707071	0.606061	0.606061	0.30303	0.10101	0.30303		1	196
-0.09	0.40404	0.30303	0.40404	-0.09	0.20202	0	0.10101	0	0		1	197
0	0	0	0	0	0	0	0.10101	0	0		1	198
0	0.20202	0	0.20202	0	0.10101	0	0.10101	0	0		1	199
0.606061	0.808081	0.40404	0.808081	0.707071	0.606061	0.909091	0.40404	0.20202	0.606061		2	200
0.707071	0.909091	0.30303	0.909091	0	0.707071	0.909091	0.909091	0	0.707071		2	201
0	0	0	0	0	0.20202	0	0.10101	0	0		1	202
0	0.40404	0	0.40404	0	0.20202	0	0.10101	0	0		1	203
0	0	0	0	0	0.20202	0	0.10101	0	0		1	204
0.909091	0.40404	0.808081	0.40404	0.909091	0.606061	0.909091	0.505051	0.40404	0.909091		2	205
0.909091	0.909091	0.20202	0.909091	0.40404	0.20202	0.40404	0.606061	-0.09	0.808081		2	206
0	0	0	0	0	0.20202	0	0	0	0		1	207
0	0	0	0	0	0.20202	0	0	0	0		1	208
0	0.40404	0	0.40404	0	0.20202	0	0	0	0		1	209
0.909091	0.707071	0.909091	0.707071	0.909091	0.707071	0.909091	0.40404	0.505051	0.909091		2	210
0.909091	-0.09	-0.09	-0.09	0.606061	0.606061	0.707071	0.30303	0	0.707071		2	211
-0.09	0	0	0	0	0.20202	0	0.10101	0	0		1	212
0.909091	0.909091	0.909091	0.909091	0.909091	0.606061	0.909091	0.606061	0.30303	0.909091		2	213
0.909091	0.909091	0.909091	0.909091	0.505051	0.909091	0.909091	0.20202	0	0.909091		2	214
0.606061	0.707071	0.606061	0.707071	0.909091	0.40404	0.40404	0.40404	0.10101	0.707071		2	215
0	0	0	0	0	0.10101	0	0.10101	0	0		1	216
0	0	0	0	0	0.20202	0	0.10101	0	0		1	217
0.909091	0.505051	0.606061	0.505051	0.909091	0.707071	0.30303	0.505051	0.10101	0.606061		2	218
0	0.505051	0	0.505051	0	0.20202	0	0.10101	0	0.20202		1	219
0	0	0.10101	0	0	0.20202	0	0.10101	0	0		1	220
0.505051	0.909091	0.20202	0.909091	0.909091	0.808081	0.909091	0.909091	0	0.30303		2	221
0	0.30303	0.20202	0.30303	0	0.10101	0.40404	0	0	-0.09		2	222
0.40404	0.606061	0.20202	0.606061	0.30303	0.606061	0.707071	0.20202	0	0.505051		2	223
0.40404	0.909091	0.505051	0.909091	0.808081	0.606061	0.909091	0.20202	0.10101	0.40404		2	224
0	0	-0.09	0	0	0.10101	0	0.10101	0	0		1	225
0.40404	0.909091	0.30303	0.909091	0.808081	0.707071	-0.09	-0.09	0	0.606061		2	226
0.808081	0.707071	0.40404	0.707071	0.606061	0.606061	0.40404	0.20202	0	0.808081		2	227
0	0	0	0	0	0.20202	0	0	0	0		1	228
0.909091	-0.09	0.20202	-0.09	0.909091	0.808081	0.909091	0.909091	0	0.909091		2	229
0.30303	0.606061	0.30303	0.606061	0.505051	0.606061	0.606061	0.20202	0	0.606061		2	230
0.707071	0.505051	0.40404	0.505051	0.808081	0.707071	0.707071	0.505051	0.10101	0.606061		2	231
0.30303	0.707071	0.20202	0.707071	0.20202	0.30303	0	0.20202	-0.09	0.505051		1	232
0.30303	0.909091	-0.09	0.909091	0	0.30303	0.909091	0.40404	0	0.40404		2	233
0.20202	0.20202	0	0.20202	0.505051	0.20202	0	0.20202	0	0.10101		1	234
0	0.20202	0	0.20202	0	0.20202	-0.18	0.10101	0	0.30303		1	235
0.707071	0.909091	0.10101	0.909091	0.707071	0.30303	0.909091	0.707071	0.909091	0.707071		2	236
0.707071	0.808081	0.40404	0.808081	0.909091	0.30303	0.10101	0.505051	0.30303	0.707071		2	237
0.909091	0.707071	0.707071	0.707071	0.909091	0.20202	0.808081	0.505051	0.909091	0.909091		2	238
0.30303	0.909091	0.10101	0.909091	0.20202	0.40404	0.909091	0.20202	0.10101	0.20202		2	239
0	0.40404	0.20202	0.40404	0.20202	0.10101	0.10101	0.10101	0	0.20202		1	240
0	0.20202	0.20202	0.20202	0	0.20202	0	0	0	0		1	241
0	0.10101	0	0.10101	0	0.20202	0	0.10101	0	0		1	242
0	0	0	0	0	0.40404	0.40404	0.10101	0	0		1	243
0	0	0	0	0	0.20202	0	0.10101	0	0		1	244
-0.09	0.40404	0.10101	0.40404	0	0.20202	0.10101	0.10101	0	0		1	245
0.909091	0.707071	0.707071	0.707071	0.707071	0.606061	0.909091	0.40404	0	0.909091		2	246
0.30303	0.707071	0	0.707071	0.20202	0.20202	0.808081	0.10101	0	0.30303		2	247
0	-0.09	0	-0.09	0.505051	0.20202	0	-0.09	0	0		1	248
0	0.20202	0	0.20202	0	0.20202	-0.18	0.10101	0	0		1	249
0.10101	0	0	0	0	0	0	0.10101	0	0.10101		1	250
0.30303	0.909091	0.909091	0.909091	0.20202	0.40404	0.909091	0.10101	0.20202	0.30303		2	251
0.20202	0.505051	0.40404	0.505051	0.40404	0.20202	0.909091	0.20202	0.20202	0.20202		1	252
0.909091	0.505051	0.10101	0.505051	0.20202	0.606061	0.909091	0.707071	0.20202	0.909091		2	253
0.909091	0.808081	0	0.808081	0.20202	0.20202	0.707071	0.909091	0	0.909091		2	254
0.505051	0.40404	-0.09	0.40404	0.505051	0.20202	-0.09	0.30303	0	0.505051		2	255
0	0.20202	0	0.20202	0	0	-0.18	-0.18	0	0		1	256
0	0.20202	0	0.20202	0	0.10101	0	0.10101	0	0		1	257
0	-0.18	0	-0.18	0	0.20202	0	0.10101	0	0		1	258
0.606061	0.40404	0	0.40404	0.30303	0.20202	0.707071	0.40404	0	0.606061		1	259
0.40404	0.909091	0.909091	0.909091	0	0.40404	0.909091	0.20202	0.20202	0.707071		2	260
0.909091	0.40404	0.505051	0.40404	0.505051	0.909091	0.909091	0.909091	0.40404	0.909091		2	261
0.707071	0.707071	0.30303	0.707071	0.707071	0.606061	0.909091	0.40404	0	0.808081		2	262
0.30303	0.909091	0.909091	0.909091	0.40404	0.40404	0.909091	0.505051	0	0.30303		2	263
0.808081	0.606061	0.909091	0.606061	0.20202	0.40404	0.20202	0.909091	0.20202	-0.09		2	264
0	0.40404	0	0.40404	0.10101	0.20202	0	0.10101	0	0.30303		1	265
0.909091	0.909091	0.20202	0.909091	0.20202	0.30303	0.909091	0.20202	0.10101	0.505051		2	266
0.20202	0.20202	0.10101	0.20202	0	0.606061	0.909091	0.20202	0	0.40404		2	267
0.707071	0.909091	0.10101	0.909091	0.606061	0.707071	0.30303	0.20202	0.707071	0.707071		2	268
0	0	0	0	0	0.20202	0	0.10101	0	0		1	269
0.30303	0.707071	0	0.707071	0.808081	0.20202	0.909091	0.20202	0.10101	0.606061		2	270
0	-0.18	-0.18	-0.18	0	0.20202	0	0.10101	0	0		1	271
0.20202	0.20202	0.10101	0.20202	0	0.606061	0.909091	0.20202	0	0.40404		2	272
0.10101	0.606061	0	0.606061	0.20202	0.20202	-0.09	0.20202	0	0.30303		2	273
0	0.20202	0	0.20202	0.10101	0.20202	0	0.10101	0	0		1	274
0	0.20202	0	0.20202	0	0.10101	-0.18	0.10101	0	0.20202		1	275
0	0.20202	0	0.20202	0	0.10101	0	0.10101	0	0		1	276
0	0	0	0	0	0.10101	0	0.10101	0	0		1	277
0	0	0	0	0	0.20202	0	-0.09	0	0		1	278
0.40404	0.909091	0.20202	0.909091	0.20202	0.20202	0.606061	0.20202	0.707071	0.606061		2	279
0	0.20202	0	0.20202	0	0.20202	0	0.10101	0	0		1	280
0	0.10101	0.10101	0.10101	0	0.20202	0	0.10101	0	0		1	281
0.30303	0	0.909091	0	0.505051	0.40404	0.909091	0.30303	0	0.20202		2	282
0.30303	0.909091	0	0.909091	0.20202	0.40404	0.909091	0.10101	0	-0.18		2	283
0.30303	0.606061	0.909091	0.606061	0.707071	0.20202	0.909091	0.10101	0.10101	0.40404		2	284
0.909091	0.707071	-0.09	0.707071	0.606061	0.909091	0.909091	0.707071	0.20202	0.909091		2	285
0.909091	0.909091	0.909091	0.909091	0.909091	0.30303	0.909091	0.909091	0.909091	0.909091		2	286
0	0.20202	0	0.20202	0	0.10101	0	0.20202	0	0		1	287
0	0.505051	0	0.505051	0.909091	0.40404	0.40404	0.30303	0	0.20202		2	288
0.505051	0.40404	0.707071	0.40404	0.909091	0.30303	0.909091	0.505051	0.30303	0.505051		2	289
0	0	0	0	0	0	0	0.10101	0	0		1	290
0	0	0	0	0	0.20202	0	0.10101	0	0		1	291
0.707071	0.707071	0	0.707071	0.909091	0.505051	-0.18	0.10101	0	0.707071		2	292
0.30303	0.909091	0.505051	0.909091	0.20202	0.10101	0.909091	0.10101	0	0.30303		2	293
0	0	0	0	0	0.10101	-0.18	0.10101	0	0		1	294
0.40404	0.40404	0.707071	0.40404	0.30303	0.606061	0.909091	0.505051	0	0.606061		2	295
0.20202	0.40404	0.20202	0.40404	0.606061	0.30303	0.40404	0.30303	0	0.30303		1	296
0.30303	0.40404	0	0.40404	0.20202	0.10101	-0.18	0.10101	0	0.20202		1	297
0.10101	0.707071	0	0.707071	0	0	0	0.40404	0	0		1	298
0	0.808081	0.505051	0.808081	0.606061	0.606061	0.909091	0.30303	0.10101	0.10101		2	299
0.30303	0.707071	0.40404	0.707071	0.909091	0.606061	0.30303	0.30303	0	0.909091		2	300
0	0	0	0	0	0.20202	0	0.10101	0	0		1	301
0.909091	0.909091	0.606061	0.909091	0.909091	0.606061	0.909091	0.808081	0.909091	0.909091		2	302
0	0	0	0	0	0.20202	0	0.10101	0	0		1	303
0.20202	0.707071	0.808081	0.707071	0.20202	0.20202	0.909091	-0.09	0	0.30303		2	304
0.707071	0.909091	0.30303	0.909091	0.909091	0.20202	0.909091	0.30303	0.30303	0.30303		2	305
0	0	0	0	0	0.20202	0	0.10101	0	0		1	306
0	0	0	0	0	0.20202	0	0.10101	0	0		1	307
0.707071	0.606061	0.505051	0.606061	0.707071	0.707071	0.20202	0.30303	0.30303	0.606061		2	308
0	0.20202	0	0.20202	0	0.40404	0.40404	0.10101	0	0		1	309
0	0.10101	0	0.10101	0	0.10101	0	0.20202	0	0		1	310
0	0	0	0	0	0	0	0.10101	0	0		1	311
0.505051	0.707071	0.909091	0.707071	0.40404	0.20202	0	0.909091	0	0.30303		2	312
0	0	0	0	0	0	0	0.10101	0	0		1	313
0	0	0	0	0	0.10101	0	0	0	0		1	314
0.505051	0.30303	0.505051	0.30303	0.808081	0.30303	-0.18	0.606061	0	0.40404		1	315
0.40404	0.40404	0.10101	0.40404	0.20202	0.30303	0.909091	0.40404	0	0.40404		2	316
0.707071	0.505051	0.707071	0.505051	0.808081	0.707071	0.707071	0.505051	0	0.606061		2	317
0	0	0	0	0	0.20202	0	0.40404	0	0		1	318
0.30303	0.30303	0.30303	0.30303	0.20202	0.606061	0.40404	0.505051	0	0.30303		1	319
0.505051	0.606061	0.10101	0.606061	0.30303	0.606061	0.909091	0.40404	0.505051	0.20202		2	320
0	0.20202	0	0.20202	0	0.20202	-0.18	0.10101	0	0		1	321
0	0.20202	0	0.20202	0	0.20202	0	0.10101	0	0		1	322
0.30303	0.40404	0.909091	0.40404	0	-0.18	0.909091	0.10101	0	0.505051		2	323
0	0	0	0	0	0.20202	0	0.10101	0	0		1	324
-0.09	0.20202	0	0.20202	-0.09	0.10101	0	0.10101	0	0.10101		1	325
0	0.909091	0	0.909091	0.30303	0.40404	0.909091	0.10101	0	0		2	326
0	0	0	0	0	0.10101	0	0.10101	0	0		1	327
0.909091	0.707071	0.10101	0.707071	0.909091	0.20202	0.30303	0.505051	0	0.20202		2	328
0.30303	0.909091	0.30303	0.909091	0	0.606061	0.909091	0.40404	0	0.505051		2	329
0.30303	0.909091	0.10101	0.909091	0	0.505051	0.707071	0.10101	0	0.606061		2	330
0	0.40404	0	0.40404	0	0.20202	0	0.10101	0.10101	0		1	331
0.10101	0.40404	0.10101	0.40404	0.10101	0.10101	0	0.10101	0	0.10101		1	332
0.30303	0.40404	0.505051	0.40404	0.20202	0.30303	0.909091	0.30303	0	0.505051		2	333
0.505051	0.707071	0.20202	0.707071	0.30303	0.20202	0.909091	0.20202	0.10101	0.606061		2	334
0	0	0	0	0	0	0	0.10101	0	0		1	335
0.40404	0.505051	0.707071	0.505051	0.30303	0.20202	0.909091	0.30303	0	0.40404		2	336
0	0	0	0	0	0.20202	0	0.10101	0	0		1	337
0	0	0	0	0	0.10101	0	0	0	0		1	338
0.40404	0.707071	0.40404	0.707071	0.20202	-0.18	0.909091	0.10101	0	0.40404		2	339
0.20202	0.909091	-0.09	0.909091	0.505051	0.606061	-0.18	0.10101	0	0.20202		2	340
0	0	0	0	0	0.20202	0	0.10101	-0.18	0		1	341
0	0.10101	0	0.10101	0	0	0	0.10101	0	0		1	342
0	0	0	0	0	0	0	0.10101	0	0		1	343
0.505051	0.606061	0.707071	0.606061	0.40404	0.808081	0.909091	0.909091	0.20202	0.30303		2	344
0	0	0	0	0	0	0	0.10101	0	-0.18		1	345
0.10101	0.40404	0.10101	0.40404	0.20202	0	0	0.20202	0	0.10101		1	346
0	0	0	0	0.20202	0	0	0	0	0		1	347
0.30303	0.20202	0.909091	0.20202	0.20202	0.20202	0	0.40404	0	0.30303		2	348
0.10101	0.30303	0.40404	0.30303	0.505051	0.606061	0.707071	0.20202	0	0.20202		2	349
0	0.40404	0.20202	0.40404	0	0	0	0.10101	0	0		1	350
0	0.10101	0	0.10101	0	0.20202	0	0.10101	0	0		1	351
0.30303	0.20202	0.20202	0.20202	0.505051	-0.18	0.20202	0.606061	0	0.40404		1	352
0.606061	0.10101	0.909091	0.10101	0.808081	0.30303	0.909091	0.606061	0.30303	0.909091		2	353
0	0	0	0	0	0.10101	0	0.10101	0	0		1	354
0	0.30303	0	0.30303	0.10101	0.10101	0	-0.18	0	0		1	355
0.20202	0.40404	-0.18	0.40404	0.20202	0.20202	0.20202	0.20202	0.20202	0.20202		2	356
0.909091	0.707071	0.606061	0.707071	0.20202	0.606061	-0.09	0.909091	0.707071	0.909091		2	357
0.909091	0.707071	0.20202	0.707071	0.909091	0.30303	0.30303	0.707071	0.20202	0.40404		2	358
0.20202	0.909091	0.30303	0.909091	0.40404	0.20202	0.606061	0.20202	0.20202	0.40404		2	359
0.909091	0.505051	0.909091	0.505051	0.909091	0.707071	0.909091	0.909091	0.909091	0.909091		2	360
0.909091	0.20202	0.909091	0.20202	0	0.40404	0.909091	0.505051	0.30303	0.20202		2	361
0.10101	0.20202	0	0.20202	0	0.10101	0.20202	0.30303	0	0.10101		1	362
0.30303	0.30303	0.10101	0.30303	0	-0.18	0.20202	0.10101	0	0.30303		1	363
0	0.10101	0	0.10101	0	0.20202	0	0.10101	0	0		1	364
0	0.10101	0	0.10101	0	0.10101	0	0.10101	0	0		1	365
0.909091	0.505051	0.909091	0.505051	0.909091	0.606061	0.909091	0.707071	0.606061	0.909091		2	366
0.707071	0.40404	0.909091	0.40404	0.909091	0.707071	0.909091	0.40404	0.20202	0.707071		2	367
0	0	0	0	0	0	0	0.10101	0	0.20202		1	368
0	0	0	0	0	0.10101	0	0	0	0.20202		1	369
0.20202	0.30303	0	0.30303	0	0.10101	0	0.20202	0	0.10101		1	370
0	0	0	0	0	0	0	0.10101	0	0.20202		1	371
0	0.30303	0	0.30303	0	0.10101	0	0.10101	0	0.10101		1	372
0	0.40404	0.10101	0.40404	0	0.10101	0	0.10101	0	0		1	373
0	0.20202	0	0.20202	0	0.10101	0	0.10101	0	0.10101		1	374
-0.09	0	0	0	0	0	0	0.10101	0	0		1	375
0	0	0	0	0	0.10101	0	0.10101	0	0		1	376
0	0	0	0	-0.09	0.10101	0	0	0	0		1	377
0	0.20202	0.30303	0.20202	0.10101	0.10101	0	0.20202	0	0		1	378
0.20202	0.40404	0	0.40404	0	0.20202	0	0.30303	0	0.30303		1	379
0	0	0	0	0	0	0	0.10101	0	0		1	380
0.505051	0.909091	0.505051	0.909091	0.707071	0.606061	0.909091	0.30303	0.30303	0.20202		2	381
0.10101	0.20202	0.10101	0.20202	0.10101	0.20202	0	0.10101	0	0.10101		1	382
0	0.10101	0	0.10101	0	0	0	0.10101	0	0		1	383
0	0.10101	0	0.10101	0	0	0	0.10101	0	0		1	384
0.20202	0.20202	0.10101	0.20202	0.10101	0	0	0.20202	0.20202	0.10101		1	385
0.505051	0.606061	0.20202	0.606061	0	0.606061	-0.18	0.10101	0	0.505051		2	386
0.20202	0.40404	0.10101	0.40404	0	0.20202	0	0.20202	0	0.20202		1	387
0	0.10101	0	0.10101	0.10101	0.10101	0	0.10101	-0.18	0		1	388
0	0.40404	0	0.40404	0.10101	0.10101	0.10101	0.20202	0	0		1	389
0	0	0.10101	0	0	0.10101	0	0.10101	0	0		1	390
0.707071	0.909091	0.30303	0.909091	0.808081	0.606061	0.909091	0.20202	0	0.606061		2	391
0	0.20202	-0.18	0.20202	0	0.10101	0	0.10101	0	0		1	392
0	0	0	0	0	0	0	-0.18	0	0		1	393
0.10101	0	0	0	0	0.10101	0	0.10101	0	0.20202		1	394
0	0.20202	0	0.20202	0	0.10101	0	0.10101	0	0		1	395
0	0.20202	0	0.20202	0	0.20202	0	0.10101	0	-0.09		1	396
0	0.30303	0	0.30303	0	0	0	0.10101	0	0		1	397
0.10101	0.20202	0	0.20202	0.10101	0.10101	0	0.10101	0	0		1	398
0.10101	0	0	0	0	-0.18	0	0.10101	0	0.20202		1	399
0.909091	0.20202	0.606061	0.20202	0.20202	0.808081	0.808081	0.505051	0.707071	0.707071		2	400
0	0.20202	0	0.20202	0	0	0	0.10101	0	0		1	401
0.20202	0.40404	0	0.40404	0	0.10101	0	0.10101	0	0.20202		1	402
0	0.20202	0	0.20202	0	0	0.30303	0.10101	0	0		1	403
0.10101	0	0.20202	0	0.10101	0	0	0.10101	0	0		1	404
0	0	0	0	0	0.10101	0	0.10101	0	0		1	405
0.10101	0.30303	0	0.30303	0	0.10101	0	0.10101	0	0.10101		1	406
0	0	0	0	0	0.10101	-0.09	0.10101	0	0		1	407
0.20202	0.10101	0.10101	0.10101	-0.18	0.20202	0.10101	0.10101	0	0.10101		1	408
0	0.20202	0	0.20202	0	0.10101	0	0.10101	0	0.10101		1	409
0	0	0	0	0	0.10101	0	0.10101	0	0		1	410
0	0	0	0	0	0.10101	-0.18	0	0	0		1	411
0.909091	0.909091	0.505051	0.909091	0.40404	0.707071	0.30303	0.707071	0	0.909091		2	412
0	0.40404	0	0.40404	0	0.20202	0	-0.09	0	0.10101		1	413
0.40404	0.707071	0.10101	0.707071	0.505051	0.505051	0.909091	0.20202	0	0.505051		2	414
0.20202	0.20202	0.505051	0.20202	0.40404	0.20202	0.20202	0.20202	0	0.10101		1	415
0.606061	0.707071	0.40404	0.707071	0.10101	0.606061	0.909091	0.909091	0	0.707071		2	416
0	0	0	0	0	0.10101	0	0.10101	0	0		1	417
0.10101	0.40404	0.10101	0.40404	0.10101	0.20202	0.10101	0.10101	0.10101	0.10101		1	418
0.20202	0.10101	0	0.10101	0	0	0	0.40404	0	0		1	419
0.10101	-0.18	0.20202	-0.18	0	0.20202	0.20202	0.10101	0	0.10101		1	420
0.909091	0.909091	0.606061	0.909091	0.10101	0.707071	0.909091	0.909091	0	0.909091		2	421
0.20202	0.30303	0	0.30303	0.20202	0.20202	0	0.10101	0	0.20202		1	422
0	0.40404	0	0.40404	0	0.10101	0	0.10101	0	0.20202		1	423
0	0.20202	0	0.20202	0	0	0	-0.18	0	0		1	424
0.909091	0.808081	0.909091	0.808081	0.909091	0.909091	0.909091	0.909091	0	0.909091		2	425
0.20202	0.40404	0	0.40404	0	0	0	0.10101	0	0.505051		1	426
0.606061	0.707071	0.10101	0.707071	0.909091	0.40404	0.10101	0.30303	0	0.707071		2	427
0	0	0	0	0	0.10101	0	0.10101	0	0		1	428
0	0.10101	0	0.10101	0	0.10101	0	0.10101	0	0		1	429
0.20202	0	0	0	0.10101	0.10101	0	0.10101	0	0		1	430
0	0.40404	0.20202	0.40404	0.10101	0.20202	0	0.30303	0	0		1	431
0	0.40404	0	0.40404	0.10101	0.10101	0	0.10101	0	0		1	432
0.10101	0.20202	0.20202	0.20202	0	0	0	0.10101	0	0.10101		1	433
0.808081	0.505051	0.40404	0.505051	0.10101	0.30303	0.707071	0.40404	0	0.606061		1	434
0.707071	0.909091	0	0.909091	0	0.40404	0.909091	0.20202	0	0.909091		2	435
0.909091	0.909091	0	0.909091	0.707071	0.10101	0	0.505051	0	0.909091		2	436
0	0.30303	0	0.30303	0	0	0	0.10101	0	0		1	437
0	0.30303	0.20202	0.30303	0	0	0	0.10101	0	0.20202		1	438
0	0.40404	0	0.40404	0	0	0	0.10101	0	0		1	439
0.30303	0.909091	0.909091	0.909091	0	0.909091	0.909091	0.30303	0	0.20202		2	440
-0.18	-0.18	0.30303	-0.18	0	0	0.30303	0.10101	0	0.10101		1	441
-0.09	-0.09	0.20202	-0.09	0	0	0.20202	0.10101	0	0		1	442
0	0	0	0	0	0	0.10101	0.10101	0	0		1	443
0	0.40404	0.505051	0.40404	0	0.10101	0	0.20202	0	-0.18		1	444
0	0.10101	0	0.10101	0	0	0	0.10101	0	0		1	445
0	0	0	0	0	0	0	0.10101	0	0		1	446
0	0.40404	0	0.40404	0	0	0	0.10101	0	0		1	447
0	0	0	0	0	0	0	0	0	0		1	448
0.606061	0.40404	0.707071	0.40404	0.909091	0.707071	0.909091	0.505051	0	0.808081		2	449
0	0.30303	0.20202	0.30303	0	0.10101	0	0	0	0		1	450
0	0.40404	0	0.40404	0	0	-0.18	0.10101	0	0		1	451
0	0.20202	0.20202	0.20202	0	0	0	0.10101	0	0		1	452
0.40404	0.30303	0.707071	0.30303	0.606061	0.909091	0.909091	0.505051	0	0.40404		2	453
0.20202	0.10101	0	0.10101	0	0	0	0.20202	0	0		1	454
0.10101	0.909091	0	0.909091	0	0	0.505051	0.10101	0.10101	0.10101		2	455
0.505051	0.909091	0.707071	0.909091	0.505051	0.707071	0.909091	0.40404	0	0.40404		2	456
0.707071	0.707071	0.505051	0.707071	0.909091	0.909091	0.20202	0.505051	0	0.808081		2	457
0	0.40404	0	0.40404	0	0	0	0.10101	0	0.10101		1	458
0	0.40404	0	0.40404	0	0	0	0.10101	0	0.20202		1	459
0	0.40404	0.20202	0.40404	0	0	0	0.10101	0	0		1	460
0	0.20202	0	0.20202	0	0	0.40404	0.10101	0	0		1	461
0	0.505051	0.20202	0.505051	0	0	0	0.10101	0	0		1	462
0	0.30303	0	0.30303	0.10101	0	0	0.10101	0	0		1	463
0	0.30303	0	0.30303	0	0	0	0.10101	0	0		1	464
0.808081	0.909091	0.606061	0.909091	0.909091	0.606061	0.30303	0.505051	0.20202	0.707071		2	465
0.505051	0.909091	0.10101	0.909091	0.606061	0.808081	0.909091	0.30303	0	0.505051		2	466
0.505051	0.505051	0.40404	0.505051	0.505051	0.606061	0.909091	0.30303	0.10101	0.505051		2	467
-0.09	0.30303	0	0.30303	0	0	0	0.10101	0	0		1	468
0	0	0	0	0	0.10101	0	0.10101	0	0.10101		1	469
0	0.20202	0	0.20202	0	0.10101	0	0	0	0		1	470
0	0.505051	0.20202	0.505051	0	0	0	0.10101	-0.18	0		1	471
0	0.505051	0	0.505051	0	0	0	0	0	0		1	472
0	0.30303	0	0.30303	0	0	0	0.10101	0	0		1	473
0	0.40404	0	0.40404	-0.18	0	0	0.10101	0	0		1	474
0	0.20202	-0.18	0.20202	0	0	0	0.10101	0	0		1	475
0	0.30303	0	0.30303	0	0	0	0.10101	0	0.10101		1	476
0	0.30303	0	0.30303	0	0	0	0.10101	0	0		1	477
0.10101	0.40404	0	0.40404	0	0	0	0.10101	0	0		1	478
0.707071	0.30303	0.909091	0.30303	0.40404	0.606061	0.909091	0.30303	0	0.606061		2	479
0	0.40404	0	0.40404	0	0	0	0	0	0		1	480
0.20202	0.40404	0.30303	0.40404	0	0	0	0.10101	0	0.10101		1	481
-0.09	0.808081	-0.18	0.808081	0.909091	0.909091	0.40404	0.909091	0.909091	0.909091		2	482
0.606061	0.707071	0.40404	0.707071	0.909091	0.808081	0.909091	0.40404	0	0.707071		2	483
0	0.40404	0	0.40404	0	0	0	0.10101	0	0.10101		1	484
0	0	0.20202	0	0	0	0.20202	0	0	0		1	485
0	0.20202	0	0.20202	0	0.10101	0	0	0	-0.18		1	486
0.909091	-0.18	0.909091	-0.18	0	0.707071	0.909091	0.505051	0.40404	0.909091		2	487
0.505051	0.20202	0.909091	0.20202	0.30303	0.20202	0.20202	0.20202	0	0.30303		2	488
0.20202	0.505051	0	0.505051	0	0.30303	0.30303	0.20202	0	0.10101		2	489
0	0	0	0	0	0	-0.18	0.10101	0	0		1	490
0.707071	0.40404	0.30303	0.40404	0	0.606061	0.909091	0.20202	0	0.808081		2	491
0	0.30303	0	0.30303	0	0.10101	0	0	0	0		1	492
0.909091	0.40404	0.909091	0.40404	0.40404	0.505051	0.909091	0.505051	0.10101	0.909091		2	493
0	0.40404	0.909091	0.40404	0	0.10101	0.40404	0.30303	0	0.10101		1	494
0	0.20202	0	0.20202	0	0.10101	0	0	0	0		1	495
0	0	0	0	0	0	0	0	0	0		1	496
0.10101	0.30303	0	0.30303	0	0	0	0.10101	0	0		1	497
0	-0.09	0	-0.09	0	0.10101	0	0.10101	0	0		1	498
0	0.30303	0	0.30303	0	0.10101	-0.18	0.10101	-0.18	0		1	499
0	0.505051	0	0.505051	0	0.20202	0	0.10101	0	0		1	500
0	0.30303	0	0.30303	0	-0.18	0	0.10101	-0.18	0		1	501
0	0.30303	-0.09	0.30303	0	0.10101	0	0.10101	0	0		1	502
0	0.30303	0	0.30303	0	0.20202	0	0.10101	0	0		1	503
0	0	0	0	0	0	0	0.10101	0	0		1	504
0.20202	0.20202	0	0.20202	0	0	0	0.10101	0	0		1	505
0.909091	0.707071	0.909091	0.707071	0.707071	0.30303	0.40404	0.606061	0.606061	0.909091		2	506
0	0	0	0	0	0	0.30303	0.10101	0	0		1	507
0	0.40404	0	0.40404	0	0	0	0.10101	0	0		1	508
0	0.10101	0	0.10101	0	0	0	0.10101	0	0		1	509
0	0	0	0	0	0	0	0.10101	0	0		1	510
0	0.40404	0	0.40404	0	0.10101	0	0.10101	0	0		1	511
0	0.40404	0	0.40404	0	0	0	0.10101	0	0		1	512
0	0.20202	0	0.20202	0	0.10101	0	0	0	0		1	513
0.505051	0.505051	0.909091	0.505051	0.909091	0.707071	0.909091	0.20202	0.10101	0.606061		2	514
0.909091	0.30303	0.606061	0.30303	0.909091	0.808081	0.909091	0.20202	0	0.30303		2	515
0	0	0	0	0	0	0	0	0	0		1	516
0	0	0	0	0	0.10101	0	0	0	0		1	517
0	0.20202	0.10101	0.20202	0	-0.09	0	0.10101	0	0.10101		1	518
0.606061	0.30303	0.20202	0.30303	0	0.808081	0.909091	0.30303	0	0.707071		2	519
0	0	0	0	0	0	0	-0.09	0	0		1	520
0	0.30303	0	0.30303	0	0	0	0.20202	0	0		1	521
0.30303	0.909091	0.30303	0.909091	0.20202	0.606061	0.40404	0.20202	0	0.40404		2	522
0.40404	0.606061	0.909091	0.606061	0.20202	0.40404	0.909091	0.30303	0	0.505051		2	523
0	0.20202	0	0.20202	0	0.10101	0	0.10101	0	0		1	524
0	0.20202	0.10101	0.20202	0	0	0	0.10101	0	0		1	525
0	-0.18	0	-0.18	0	0	0	0.10101	0	0		1	526
0	0.30303	0	0.30303	0	0.20202	0	0.10101	0	0		1	527
0	0.505051	0.10101	0.505051	0	0	0	0.10101	0	0.20202		1	528
-0.18	0.30303	0	0.30303	0	0.10101	0	0	0	0		1	529
0.30303	0.606061	0.20202	0.606061	0.808081	0.505051	0.909091	0.30303	0	0.30303		2	530
0.10101	0.30303	0	0.30303	0	0.10101	0	0.10101	0	0.10101		1	531
0	0	0	0	0	0.20202	0	0	0	0		1	532
0	0.20202	0	0.20202	0	0.10101	0	0.10101	0	0		1	533
0	0.10101	0	0.10101	0	0.10101	0	0.10101	0	0		1	534
0	0	0.10101	0	0	0.20202	0	0.10101	0	0.20202		1	535
0	0.40404	0	0.40404	0	0.20202	0	0.10101	0	0		1	536
0	0.40404	0	0.40404	0	0.20202	0	0.10101	0	0.10101		1	537
0	0.30303	0	0.30303	0	0.10101	0	0.10101	0	-0.18		1	538
0	0.505051	0	0.505051	0	0.10101	-0.09	0.10101	0	0		1	539
0	0.40404	0	0.40404	0	0.10101	0.10101	0.10101	0	0		1	540
0	0.20202	0	0.20202	0	0	0	0.10101	0	0		1	541
0.20202	0.40404	0	0.40404	0	0	0	0.10101	0	0		1	542
0	0.30303	0	0.30303	0	0.10101	0	0.10101	0	0		1	543
0	0.10101	0.10101	0.10101	0	0.10101	0	0.10101	0	0.20202		1	544
0	0.40404	0	0.40404	0	0.10101	-0.18	0.10101	0	0		1	545
0.909091	0.505051	0.909091	0.505051	0.909091	0.606061	0.909091	0.30303	0	0.909091		2	546
0	0.10101	-0.18	0.10101	-0.18	0	0	0	0	-0.18		1	547
0	0.20202	0	0.20202	0	0	0	0	0	0		1	548
0.707071	0.606061	0.606061	0.606061	0.707071	0.606061	0.40404	0.30303	0.10101	0.20202		2	549
0	-0.09	0	-0.09	0	0.10101	0	0.10101	0	0		1	550
0	0	0	0	0	0.20202	0	0.10101	0	0		1	551
0.10101	0.20202	0.10101	0.20202	0.10101	0.30303	0	0.10101	0	0.10101		1	552
0.30303	0.30303	0	0.30303	0	0.10101	0.40404	0.10101	0.10101	0.10101		1	553
0	0.20202	0	0.20202	0	0	0	0.10101	0	0		1	554
0.20202	0.30303	0	0.30303	0.707071	0.30303	0	0.10101	0	0		1	555
0.10101	0.40404	0.10101	0.40404	0	0.10101	-0.18	-0.18	0	0.10101		1	556
0	0.40404	0.20202	0.40404	0	0	0	0.10101	0	0		1	557
0	0.10101	-0.18	0.10101	0	0.10101	0	0.10101	0	0		1	558
0	0.40404	0	0.40404	0	0.10101	0	0.10101	0	0		1	559
0	0.40404	0	0.40404	0	0.20202	0	0.10101	0	0		1	560
0	0.40404	-0.09	0.40404	0	-0.18	0	0.10101	0	0		1	561
0	0	0	0	0	0.20202	0	0.10101	0	0		1	562
0	0.20202	-0.18	0.20202	0	0.10101	0	0.10101	0	0		1	563
0	0.30303	0	0.30303	0.10101	0.20202	0	0.10101	0	0		1	564
0.606061	0.40404	0.909091	0.40404	0.909091	0.909091	0.909091	0.40404	0	-0.18		2	565
0	0.20202	0	0.20202	0	0.20202	0	0.10101	0	0.10101		1	566
0	0.30303	0	0.30303	0	0.10101	0.20202	0.10101	0	0		1	567
0.30303	0.707071	0	0.707071	0.40404	0.10101	0.909091	0.505051	0.10101	0.30303		2	568
0.909091	-0.18	0.909091	-0.18	0.20202	0.909091	0.40404	0.505051	-0.18	0.707071		2	569
0.909091	0.707071	0.30303	0.707071	0.10101	0.707071	-0.18	0.707071	0	0.30303		2	570
0.505051	0.606061	0.40404	0.606061	0.909091	0.808081	0.909091	0.20202	0.10101	0.909091		2	571
0	0.20202	0	0.20202	0	0.10101	0	0.10101	0	0		1	572
0	0	0	0	0	0.10101	0	0.10101	0	0		1	573
0.808081	0.909091	0.20202	0.909091	0.606061	0.606061	0.10101	0.30303	0	0.606061		2	574
0	0.40404	0	0.40404	0	0.20202	0	0.10101	0	0.10101		1	575
0	0.40404	0	0.40404	0	0.10101	0	-0.18	0	0		1	576
0	0	0	0	0	0.10101	-0.09	0.10101	0	0		1	577
0	0	0	0	0	0.10101	0	0.10101	0	0		1	578
0	-0.09	0	-0.09	0	0.20202	0	0.10101	0	0		1	579
0	0.40404	-0.18	0.40404	0	0.10101	0	0.10101	0	0.10101		1	580
0.606061	0.40404	0.505051	0.40404	0.40404	0.606061	0.909091	0.40404	0	0.909091		2	581
0.909091	0.505051	0.40404	0.505051	0.909091	0.505051	0.909091	0.30303	0	0.40404		2	582
0	0.20202	0	0.20202	0	0	0	0.10101	0	0		1	583
0	0.40404	0.505051	0.40404	0	0	0	0.20202	0	0		1	584
0	0	0	0	0	-0.18	0	0.10101	0	0		1	585
0.909091	0.707071	0.909091	0.707071	-0.18	0.909091	0.909091	0.505051	0	0.909091		2	586
0	0.40404	0	0.40404	0.10101	0.10101	0	0.10101	0	0		1	587
0.707071	0.808081	0.808081	0.808081	0	0.30303	0.20202	0.505051	0	0.707071		2	588
0	0.40404	0	0.40404	0	0	0	0.10101	0	0		1	589
0.909091	0.30303	0.40404	0.30303	0	0.909091	0	0.30303	0	0.707071		2	590
0.40404	0.10101	-0.18	0.10101	0.505051	0.606061	0.909091	0.30303	-0.18	0.606061		2	591
0.20202	0.909091	0.40404	0.909091	0	0.30303	0.909091	0.20202	0	0.30303		2	592
0	0.40404	0	0.40404	0	0	0	0.10101	0	0.10101		1	593
0.707071	0.30303	0.20202	0.30303	-0.18	0.606061	0.909091	0.30303	0	0.505051		2	594
0	0.40404	0	0.40404	0	0.10101	0	0.10101	0	-0.18		1	595
0	0.30303	0	0.30303	0	0.10101	0	0.10101	0	0.10101		1	596
0	0.40404	0	0.40404	0	0.20202	0	0.10101	-0.18	0.20202		1	597
-0.18	-0.18	0	-0.18	0	0.10101	0	0.10101	0	0		1	598
0.10101	0.40404	0	0.40404	0	0	0	0	0	0.30303		1	599
0	0.20202	0	0.20202	0	0.10101	0	0.10101	0	0		1	600
0	0	0	0	0	0.10101	0	0	0	0		1	601
0	0.30303	0	0.30303	0	0.10101	0	0.10101	0	0		1	602
0.30303	0.40404	-0.09	0.40404	0.909091	0.707071	0	0.30303	0	0.505051		2	603
0.20202	0.40404	0.707071	0.40404	0	0.707071	0.909091	0.40404	0.10101	0.10101		2	604
0.40404	0.909091	0.20202	0.909091	0.707071	0.606061	0.707071	0.40404	0.20202	0.909091		2	605
0	0.30303	0.10101	0.30303	0	0	0	0.10101	0	0		1	606
0	0	0	0	0	0	0	0.10101	0	0		1	607
0.909091	0.40404	0.909091	0.40404	0	0.909091	0.909091	0.909091	0	0.909091		2	608
0	0.40404	0	0.40404	0	0	0	0.10101	0	0		1	609
0.30303	0.909091	0.909091	0.909091	0	0.606061	0.909091	0.20202	0.10101	0.20202		2	610
0.909091	0.40404	0.909091	0.40404	0.40404	0.707071	0.10101	0.40404	0	0.909091		2	611
0.909091	0.707071	0.909091	0.707071	0.909091	0.909091	0.909091	0.505051	0.909091	0.909091		2	612
0.20202	0.10101	0	0.10101	0	0.10101	0	0.10101	0	0		1	613
0	0.10101	0	0.10101	0	0.10101	0	0	0	0		1	614
0	0.30303	0	0.30303	0	0.10101	0	0.10101	0	0.20202		1	615
0	0.20202	0	0.20202	0	0.10101	0	0.10101	0	0		1	616
0	0	-0.09	0	0	0	-0.18	0	0	0		1	617
0	0.30303	0	0.30303	0	0.10101	0	0.10101	0	0		1	618
0	0.40404	0	0.40404	0	0.10101	0	0.10101	0	0		1	619
0	0.20202	0	0.20202	0	0.10101	0	0.10101	0	0		1	620
0.20202	0.505051	0.20202	0.505051	0	0.505051	-0.09	0.20202	0	0.20202		1	621
0	0.606061	0.20202	0.606061	0	0.10101	0	0.10101	0	0.10101		1	622
-0.18	-0.09	0	-0.09	0	0	0	0.10101	0	0		1	623
0	0.40404	0.10101	0.40404	0	0.10101	0	0	0	0		1	624
0	0.20202	0	0.20202	0	0	0.30303	0.20202	0	0.20202		1	625
0.505051	0.30303	0.40404	0.30303	0.606061	0.606061	0.505051	0.606061	0.20202	0.505051		2	626
0	0.10101	0	0.10101	0	0	0.40404	0.10101	0	0		1	627
0	0.10101	0	0.10101	0	0	0	-0.18	0	0		1	628
0	0.30303	0	0.30303	0	0	0	0.10101	0	0		1	629
0.10101	0.505051	0	0.505051	0	0	0	0.10101	0	0.20202		1	630
0	0.40404	0	0.40404	0	0.10101	0	0.10101	0	0		1	631
0	0	0	0	0	0	0	0.10101	0	0		1	632
0.606061	0.707071	0.30303	0.707071	0.909091	0.40404	0.20202	0.40404	0	0.30303		2	633
0	0.20202	0	0.20202	0	0	0	0.10101	0	0		1	634
0	0.20202	0	0.20202	0	0	0	0.10101	0	0.30303		1	635
0.909091	0.909091	0.707071	0.909091	0.909091	0.909091	-0.18	0.606061	0.20202	0.606061		2	636
0.10101	0.30303	0.20202	0.30303	0	0.10101	0.10101	0.10101	0	0.30303		1	637
0	0.30303	0	0.30303	0	0	0	0.10101	0	0		1	638
0	0.40404	0.20202	0.40404	0	0	0	0.10101	0	0		1	639
0	0.30303	0.20202	0.30303	0	0	0	0.10101	0	0		1	640
0	0.20202	0	0.20202	-0.18	0.10101	0	0.10101	0	0		1	641
-0.09	0.20202	0	0.20202	0	0.10101	0	0.10101	0	0		1	642
0	0	0	0	0	0	0	0.10101	0	0		1	643
0	0.10101	0	0.10101	0	0	0	0.10101	0	0		1	644
0	0.20202	0	0.20202	0	0.10101	0	0.10101	0	0		1	645
0.10101	-0.09	0	-0.09	0	0	0	0.10101	0	0.10101		1	646
0	0	0.20202	0	0	0	0	0.10101	0	0		1	647
0.909091	0.40404	0.909091	0.40404	0.909091	0.909091	0.10101	0.909091	0.909091	0.909091		2	648
0	0.20202	0	0.20202	0	0.10101	0	0.10101	0	0		1	649
0	0.20202	0.10101	0.20202	0	0	0.30303	0.20202	0	0		1	650
0.10101	0	0.20202	0	0	0.10101	0	0.10101	0	0		1	651
0	0.40404	-0.18	0.40404	0.10101	0.10101	-0.18	0.10101	0	0		1	652
0	0.30303	0	0.30303	0	0.10101	0	0.10101	0	0		1	653
0	0.20202	0	0.20202	0	0.20202	0	0.10101	0	0		1	654
0	0.20202	0	0.20202	0	0.10101	0	0.10101	0	0		1	655
0	0.40404	0	0.40404	0	0.10101	0	0.10101	0	0		1	656
0.30303	0.40404	0	0.40404	0.505051	0.20202	0	0.707071	0	0.40404		1	657
0.707071	0.606061	0.606061	0.606061	0.10101	0.606061	0.909091	0.20202	0.20202	0.707071		2	658
0	0	0	0	0	0	0	0.10101	0	0		1	659
0	0	0	0	0	0.10101	0	0.10101	0	0		1	660
0	0.30303	0	0.30303	0	0.20202	0	0.10101	0	0		1	661
0	0	0	0	0	0.10101	0	0.10101	0	0.20202		1	662
0	0	0	0	0	0.10101	0	0.10101	0	0.20202		1	663
0	0.20202	0.20202	0.20202	0	0.10101	0	0.10101	0	0		1	664
0	0	0	0	0	0	0	0.10101	0	0		1	665
0.10101	0.40404	0.10101	0.40404	0	0	0	0.10101	0.10101	0.10101		1	666
0	0.20202	0	0.20202	0	0.20202	0	0.10101	0	0		1	667
0.606061	0.40404	0	0.40404	0.909091	0.606061	0	0.505051	0.20202	0.30303		2	668
0.909091	0.40404	0.707071	0.40404	0.909091	0.606061	0.40404	0.40404	0	0.909091		2	669
0.909091	0.20202	0.707071	0.20202	0.30303	0.606061	0.707071	0.40404	0	0.606061		2	670
0.10101	0.20202	0.10101	0.20202	0	0.20202	0	0.10101	0	0		1	671
0	0.10101	0	0.10101	0	0.20202	0	0.10101	0	0		1	672
0.20202	0.40404	0	0.40404	0	0	0	0.20202	0	0.10101		1	673
0	0	-0.09	0	0	0.10101	0	0.10101	0	0		1	674
0	0.30303	0	0.30303	0	0	0	0.10101	0	0.30303		1	675
0	0	-0.09	0	0	0.10101	-0.18	0.10101	0	0.10101		1	676
0	-0.18	0	-0.18	0	0	0	0.10101	0	0		1	677
0	0	0	0	-0.18	0	0	0.10101	0	0		1	678
0	0.10101	0	0.10101	0	0	0	0.10101	0	0		1	679
0.909091	0.909091	0.909091	0.909091	0.909091	0.909091	0.909091	0.40404	0.606061	0.909091		2	680
0.909091	0.40404	0.909091	0.40404	0.505051	-0.18	0.909091	0.30303	0.20202	0.909091		2	681
0	0.40404	0	0.40404	0.10101	0.20202	0	0.10101	0	0		1	682
0	0	0	0	0	0	0	0.10101	0	0		1	683
0	0	0	0	0	0	0	0.10101	0	0		1	684
0	0	-0.18	0	-0.18	0	0	0.10101	0	0		1	685
0	0	0	0	0	0	0	0.10101	0	0		1	686
0	0.20202	0	0.20202	0.20202	0.10101	0	0.10101	0	0		1	687
0	0.30303	0	0.30303	0	0	0	0.10101	0	0		1	688
-0.18	0	0	0	0	0	0	0.10101	0.707071	0		1	689
0	0	0.20202	0	0	0	0	0.10101	0	0		1	690
0.909091	0.40404	0.40404	0.40404	0.30303	0.30303	0.40404	0.30303	0	0.909091		2	691
0	0.20202	0	0.20202	0	0	0	0.10101	0	0		1	692
0	0.20202	0	0.20202	0	0.10101	0	0.10101	0.10101	0		1	693
0	0.20202	0	0.20202	-0.09	0	0.10101	0.20202	0	0		1	694
0	0.10101	0	0.10101	0	0	0	0.10101	0	0		1	695
0.909091	-0.18	-0.18	-0.18	0.909091	-0.18	0.20202	0.606061	0.10101	-0.18		2	696
0.707071	0.30303	0.30303	0.30303	0.505051	0.909091	0.30303	0.20202	0	0.505051		2	697
0.707071	0.30303	0.40404	0.30303	0.30303	0.909091	-0.18	0.30303	0	0.707071		2	698
