ID,ae_000,af_000,ag_000,ag_001,ag_002,ag_003,an_000,ao_000,cn_005,cn_006,class
0,0,0,0,0,0,0,4933296,3655166,3247182,1381362,1
1,0,0,0,0,0,0,2560898,2127150,1286736,336388,1
2,0,0,0,0,0,0,2371990,2173634,1102798,196502,1
3,0,10,0,0,0,318,10184,7554,822,152,1
4,0,0,0,0,0,0,3230626,2618878,993000,64230,1
5,0,0,0,0,0,0,2283060,1892752,1182246,302306,1
6,0,0,0,0,0,0,12460,11044,422,114,1
7,0,0,0,0,0,0,5586558,4916376,3593600,756974,1
8,0,0,0,0,0,0,6289144,5590784,3471774,1999718,1
9,0,0,0,0,0,11804,5566182,4426834,341800,110462,2
10,0,0,0,0,0,0,2036770,1667600,953064,72436,1
11,0,0,0,0,0,0,3122760,2717156,1815168,665332,1
12,0,0,0,0,9744,13148,109858,108074,1024,32,1
13,0,0,0,0,0,0,7555358,6274612,4557570,1080804,1
14,0,0,0,0,0,0,1388178,1296724,476802,67208,1
15,0,0,0,0,0,0,7270,3692,660,212,1
16,0,0,0,0,0,20386,10050600,9473796,2766802,2052512,1
17,16,20,0,0,0,1144,54700,51844,5114,672,1
18,0,0,0,0,0,0,29762,24726,11646,722,1
19,0,0,0,0,0,0,86972,78750,22690,528,1
20,104,172,0,0,0,0,2166316,1929602,1027420,323420,1
21,0,0,0,0,0,0,6480,4710,1600,220,1
22,0,0,0,0,0,0,10527330,8931492,4979110,2718408,1
23,0,0,0,0,222,323436,32633282,28658284,5225236,439104,2
24,0,0,0,0,0,0,3955522,3494750,1541964,554712,1
25,0,0,0,0,0,0,1672756,1344348,1003112,129478,1
26,0,0,0,0,0,0,650322,579090,271308,36286,1
27,0,0,0,0,0,0,2909100,2487234,1119530,179916,1
28,0,0,0,0,0,0,103758,96110,5882,400,1
29,0,0,0,0,0,21886,1067748,934368,268584,137376,1
30,0,0,0,0,0,0,5039070,4424498,2405316,534406,1
31,0,0,0,0,0,0,87630,74598,32282,22014,1
32,0,0,0,0,0,0,1730606,1595018,1110448,189334,1
33,0,0,0,0,0,0,2740422,2286968,1710170,282016,1
34,0,0,0,0,0,0,28244,23684,1002,654,1
35,0,0,0,0,0,0,85522,76810,17056,12180,1
36,0,0,0,0,6,12,4264822,3699482,2128176,901152,1
37,0,0,0,0,0,2370,3298240,3060838,1324164,283492,1
38,0,0,0,0,0,0,88028,83056,676,618,1
39,0,0,0,0,0,0,1762966,1613032,626976,228764,1
40,0,0,0,0,0,0,4968,3966,1288,296,1
41,0,0,0,0,0,0,1752498,1658112,507812,136328,1
42,0,0,0,0,0,0,143346,123848,52290,4196,1
43,0,0,0,0,0,0,12900,11348,1438,146,1
44,0,0,0,0,0,0,4669334,4156402,0,0,1
45,0,0,0,0,0,0,91926,80772,41334,2824,1
46,0,0,0,0,0,390,5192568,4645006,1585976,547070,1
47,0,0,0,0,0,0,6640,1918,1378,8,1
48,0,0,0,0,0,0,2191114,1706716,1490554,428926,1
49,0,0,0,0,0,0,3742190,3384290,2051520,478156,1
50,0,0,0,0,0,4292,63632,36342,31352,5918,1
51,0,0,0,0,0,2546,19966,13632,1346,16,1
52,0,0,0,0,0,0,1906110,1473356,1154524,705304,1
53,0,0,0,0,0,0,4224,2148,146,4,1
54,0,0,0,0,0,15488,3348994,2906444,1076254,412828,1
55,0,0,3382,49536,464206,1142216,2149510,1794422,1315464,241338,1
56,0,0,0,0,0,0,0,0,0,0,1
57,0,0,0,0,0,0,5880,3372,506,0,1
58,0,0,0,0,0,0,11470,11750,382,340,1
59,16,30,0,0,0,0,365036,340452,170440,3416,1
60,0,0,0,244,178226,1249396,0,0,372132,28154,2
61,0,0,0,0,0,0,1753272,1580370,934052,233554,1
62,0,0,0,0,0,832,2041308,1942054,592082,194082,1
63,0,0,0,0,0,0,2282398,1963916,1049538,240612,1
64,0,0,0,0,0,0,1963218,1648024,1138454,736704,1
65,0,0,0,0,0,0,2379680,2073118,656704,48756,1
66,0,0,0,0,0,0,2219096,1808610,1255176,733986,1
67,0,0,0,0,0,2090,73066,66344,1072,44,1
68,0,0,0,0,0,1720,11720,10936,820,0,1
69,0,0,0,0,0,0,2416240,2077284,1105474,1236492,1
70,0,0,0,0,0,0,2523804,2162850,1698580,263862,1
71,0,0,0,0,0,1036,183964,160284,20228,5056,1
72,0,0,0,0,0,2172,128086,106050,79498,61978,1
73,0,0,0,0,0,0,5201602,3909834,2715028,437616,1
74,0,0,0,0,0,0,2703578,2213518,1706902,245686,1
75,0,0,0,0,0,0,4582980,4136978,2539786,1288556,1
76,0,0,0,0,0,0,1690144,1425144,771770,93460,1
77,0,0,0,0,0,0,129446,114250,50134,9266,1
78,0,0,0,0,0,0,96930,89402,16752,418,1
79,0,0,0,0,0,0,2875434,2547740,1002578,177216,1
80,0,0,0,0,0,0,2662690,2426782,1260684,662144,1
81,0,0,0,0,0,0,67320,59568,50392,598,1
82,0,0,0,0,4062,41036,67934,81822,15856,1110,1
83,0,0,0,0,0,0,13510,12474,1366,52,1
84,0,0,0,0,0,0,12356,9204,238,602,1
85,0,0,0,0,0,0,26640,17330,888,128,1
86,0,0,0,0,0,0,8809758,5915568,7023634,602050,1
87,0,0,0,0,0,0,115396,103866,65698,826,1
88,0,0,0,0,0,0,42988,40054,1280,52,1
89,0,0,0,0,0,402,145340,137096,23396,426,1
90,0,0,0,0,0,0,63848,58116,0,0,1
91,0,0,0,0,0,0,1374436,1267904,563244,283742,1
92,0,0,0,0,0,0,2801516,2567024,1701702,660518,1
93,0,0,0,0,0,0,6331822,5082108,3636148,644704,1
94,0,0,0,0,0,0,2207244,1911702,1250934,103746,1
95,0,0,0,0,0,0,2148100,1912714,1461892,250080,1
96,0,0,0,0,0,82030,637154,625166,2822,656,1
97,0,0,0,0,0,0,2413660,2217496,1177258,294584,1
98,0,0,0,0,0,0,1929820,1757214,752302,54014,1
99,0,0,0,0,0,0,2174564,1952274,1259206,514266,1
100,0,0,0,0,0,678,121442,114648,30634,12420,1
101,0,0,0,0,0,0,4045952,3304876,2372764,1682912,1
102,0,0,0,0,0,0,13976,12634,1348,6,1
103,0,0,0,0,0,0,362852,340622,15316,1572,1
104,0,0,0,0,0,0,9570278,8563848,4428504,578110,1
105,0,0,0,0,0,0,146622,134534,2862,864,1
106,0,0,0,0,0,0,2854150,2463606,870316,97612,1
107,0,0,0,0,0,0,1639164,1531684,861888,72924,1
108,2,2,0,0,0,502,13830,11852,452,744,1
109,2,2,0,0,0,0,12224,9848,0,0,1
110,0,0,0,0,0,0,8556,3690,1086,114,1
111,0,0,0,0,0,248524,9634938,8647940,989158,122094,1
112,0,0,0,0,0,0,3103914,2725398,952676,59458,1
113,0,0,0,0,0,0,2291972,1992772,972376,987250,1
114,0,0,0,0,0,0,2298128,2024610,1541880,305706,1
115,0,0,776,281128,2186308,8123016,30556606,30750228,3217070,305942,2
116,0,0,0,0,0,0,94784,87626,39224,714,1
117,0,0,0,0,0,0,8902,4990,6770,342,1
118,0,0,0,0,0,0,2119944,1878150,1154202,531514,1
119,0,0,0,0,0,0,180070,172230,46734,1576,1
120,0,0,0,0,0,374,54512,45334,1678,296,1
121,0,0,0,0,0,0,6877824,5756332,4924766,838684,1
122,0,0,0,0,0,0,5636,4422,758,276,1
123,0,0,0,0,0,202,3745028,3120400,1126832,133580,1
124,0,0,0,0,0,0,5406764,5037776,0,0,1
125,0,0,0,0,0,0,65368,58968,10234,192,1
126,0,0,0,0,0,0,1332062,1144866,646244,733538,1
127,0,0,0,0,0,9148,396040,345438,3412,538,1
128,0,0,0,0,0,0,5519124,4965576,3508692,1064476,1
129,0,0,0,0,0,0,679546,652236,234780,26828,1
130,0,0,0,0,0,0,3308,2158,552,362,1
131,0,0,0,0,0,0,73524,60756,27672,17982,1
132,0,0,0,0,0,0,1079142,981358,254814,151152,1
133,0,0,0,0,0,360,48292,41196,7756,4826,1
134,0,0,0,0,0,0,100878,93490,27526,1640,1
135,0,0,0,0,0,55620,64433246,53994294,1523946,138200,2
136,0,0,0,0,0,0,59485248,55792938,0,0,1
137,0,0,0,0,0,0,65108,55194,20268,14940,1
138,0,0,0,0,0,0,4264568,3688348,2942640,728418,1
139,0,0,0,0,0,512,172888,160154,898,728,1
140,0,0,0,8632,465034,6709252,52733546,0,5143600,692080,1
141,0,0,0,0,0,0,151296,148302,39780,3850,1
142,0,0,0,0,0,0,15070050,11980204,7646742,955698,1
143,0,0,0,0,0,0,13759398,12029160,8193284,846094,1
144,0,0,0,0,0,0,53132,41336,1296,250,1
145,0,0,0,0,0,0,40514,35484,4352,500,1
146,0,0,0,0,0,0,244040,240468,360,260,1
147,0,0,0,0,0,0,3221326,2983230,1297942,520244,1
148,0,0,0,0,0,0,2391930,2191804,1339222,444888,1
149,0,0,0,0,0,0,1862652,1604468,1173396,359964,1
150,0,0,0,0,0,0,737990,713248,210902,3512,1
151,0,0,0,0,0,0,1458164,1217494,847180,724038,1
152,0,0,0,0,0,0,3128418,2763878,1519916,1062524,1
153,0,0,0,0,0,0,1673972,1477632,1028766,72058,1
154,0,0,0,0,0,0,4189022,3643020,2349118,405810,1
155,0,0,0,0,0,0,106260,97546,0,0,1
156,0,0,0,50394,184552,2116260,78912322,72142386,2409502,3005466,2
157,0,0,0,0,0,0,1814728,1606756,401466,68410,1
158,0,0,0,0,0,0,13770,11618,742,616,1
159,0,0,0,0,0,0,86940,73050,5634,286,1
160,0,0,0,0,0,0,2749632,2507968,1363534,123812,1
161,0,0,0,0,0,0,5953296,5115368,2703364,1001802,1
162,0,0,0,0,0,0,57028,51242,1412,248,1
163,0,0,0,0,0,0,26384542,23679280,10421056,1230082,1
164,0,0,0,0,0,0,6196382,5545298,0,0,1
165,0,0,0,0,0,0,96890,86978,1086,340,1
166,0,0,0,0,0,0,1761922,1507326,866002,261258,1
167,0,0,0,0,0,0,1972170,1774802,538168,37080,1
168,0,0,0,0,0,0,153194,137464,32564,1100,1
169,0,0,0,0,0,0,123436,101254,46662,23582,1
170,0,0,0,0,0,0,2332072,2113930,1256112,172460,1
171,0,0,0,0,0,0,2498666,1969442,1438634,512174,1
172,0,0,0,0,0,12286,86464,83990,778,286,1
173,0,0,0,0,6234,6860,28978,32700,3076,166,1
174,0,0,0,0,0,0,2413124,2153818,1193588,273052,1
175,0,0,0,0,0,0,11111036,10347264,6383888,575226,1
176,0,0,0,0,0,0,1377956,1080328,503682,36190,1
177,0,0,0,0,0,0,24676606,21110074,507828,258188,2
178,0,0,0,0,0,0,120128,106770,22810,2686,1
179,0,0,0,0,0,84938,9612370,8765116,3119898,1174734,1
180,0,0,0,0,0,0,26374,20480,488,574,1
181,0,0,0,0,0,0,111886,105698,25308,37326,1
182,0,0,0,0,0,0,2262856,1972178,981476,110518,1
183,0,0,0,0,0,0,3756272,3104658,1930920,1126248,1
184,0,0,0,0,0,0,1832726,1422510,909682,210030,1
185,0,0,0,0,0,170586,6157540,5562082,553540,75130,1
186,0,0,0,1430,32876,63410,46844,94752,30234,194,1
187,0,0,0,0,0,0,2046462,1843324,1065208,218462,1
188,0,0,0,0,0,2604,5726828,4751272,2322872,496132,1
189,0,0,0,0,0,0,10714,9150,1312,178,1
190,0,0,0,0,0,620,2495882,2118392,382628,37444,1
191,0,0,0,0,674,5492,183802,160666,38560,21982,1
192,0,0,0,0,0,32434,2447146,2259030,866110,279818,1
193,0,0,0,0,0,0,3810578,3162838,1768976,1466842,1
194,0,0,0,0,0,0,1967236,1716166,1191288,125984,1
195,0,0,0,0,0,0,99778,93622,3436,632,1
196,0,0,0,0,0,0,2109698,1870498,1236362,215826,1
197,0,0,0,0,0,8796,2624538,2454414,463082,332370,1
198,0,0,0,0,0,0,2023718,1691278,932718,344084,1
199,0,0,0,0,0,0,124492,112842,48080,35588,1
200,0,0,0,0,0,492918,36710604,33391276,140828,39468,1
201,0,0,0,0,0,0,48758,36100,3654,218,1
202,0,0,0,0,0,0,21547786,20485832,0,0,1
203,0,0,0,0,0,0,2692036,2011742,186782,12296,1
204,0,0,0,0,0,0,2784412,2470178,0,0,1
205,0,0,0,0,0,0,1768044,1438346,676460,984300,1
206,0,0,0,0,0,0,1845772,1640308,807338,58738,1
207,0,0,0,0,0,53010,6749538,5979864,858206,128144,1
208,0,0,0,0,0,0,2264204,1181946,2241822,535778,1
209,0,0,0,0,0,0,85860,79644,2496,392,1
210,0,0,0,14868,921256,9292232,35402544,33278180,14883860,7258736,2
211,0,0,0,0,0,0,3382910,3121122,2011258,439640,1
212,0,0,0,0,0,0,31546,25142,556,604,1
213,0,0,0,0,2028,32198,124266,120080,996,320,1
214,0,0,0,0,0,0,3635450,3157148,2141138,321758,1
215,0,0,0,0,0,0,51370,45898,8286,844,1
216,0,0,0,0,0,0,26294,22968,450,132,1
217,222,296,0,0,0,1910,2044070,1807700,260608,21856,1
218,0,0,0,0,0,0,9508,5668,588,22,1
219,0,0,0,0,0,0,392400,358762,200332,36594,1
220,0,0,0,0,0,0,81936,71582,30016,1240,1
221,0,0,0,0,0,0,1610128,1413100,743526,76932,1
222,0,0,0,0,0,0,1972526,1534504,1273238,742082,1
223,0,0,0,0,0,16042,7154592,5881364,853396,90684,1
224,0,0,0,0,0,0,2780376,2189870,255650,11610,1
225,0,0,0,0,0,194792,6815316,6243968,1769994,403710,1
226,0,0,0,0,0,0,2253670,1826652,1656582,431154,1
227,0,0,0,0,0,0,4253432,3764610,1321234,252890,1
228,0,0,0,0,0,624,10490,10382,298,530,1
229,0,0,0,0,0,0,2325382,1969390,926680,255986,1
230,0,0,0,0,0,0,7176254,6029558,3033798,808060,1
231,0,0,0,0,0,0,2827010,2308914,1452904,1116766,1
232,0,0,0,0,0,0,3429584,2978246,1309468,887526,1
233,0,0,0,0,0,0,24162,18732,2856,238,1
234,0,0,0,0,0,0,3797660,3375050,1550372,311966,1
235,0,0,0,0,0,0,2016786,1562812,607456,85162,1
236,0,0,0,0,0,0,2827860,2521196,2243516,510520,1
237,0,0,0,0,0,41948,2001248,1937796,481662,430450,1
238,0,0,0,0,0,1102,34930,25122,2580,824,1
239,0,0,0,0,0,0,1623830,1513866,692810,42642,1
240,0,0,0,0,0,654,95550,83754,13644,10384,1
241,0,0,0,0,3550,66580,966960,877310,226540,52984,1
242,0,0,0,0,0,0,4440098,3209656,2837394,1305504,1
243,0,0,0,0,0,0,136006,115652,43982,2254,1
244,0,0,0,1280,32380,30174,97040,119296,2878,100,1
245,0,0,0,0,0,0,9250,7354,1160,52,1
246,0,0,0,0,0,0,113254,98560,30482,7422,1
247,0,0,0,0,0,0,3718560,2938042,1738794,930220,1
248,0,0,0,0,0,8360,0,0,5264,1120,1
249,0,0,0,0,0,0,2248646,1951808,1316848,689802,1
250,0,0,0,0,0,0,71064,63334,42918,26116,1
251,0,0,2,2,30,192,37876920,32959188,29824366,7595082,2
252,0,0,0,0,0,0,2333474,2058128,1285600,489654,1
253,0,0,0,0,0,0,69810,62054,48048,722,1
254,4,2,0,0,0,0,13454,11160,840,196,1
255,0,0,0,0,0,0,2909114,2595362,1812730,266806,1
256,0,0,0,0,0,0,3326508,2849812,1820408,601914,1
257,0,0,0,0,0,420,764376,738554,233124,7974,1
258,0,0,0,0,5272,2512,161062,140022,58706,12002,1
259,0,0,0,0,0,0,9984,7132,2750,208,1
260,0,0,0,0,0,0,67118,52290,5926,2726,1
261,0,0,0,0,0,1266,1057364,979644,214324,222460,1
262,2,10,0,0,0,196,44130,38002,532,16,1
263,0,0,0,0,0,0,110380,103268,29372,1524,1
264,0,0,0,0,0,1498,52690,47062,4220,134,1
265,0,0,0,0,76596,728050,14491136,13139542,1326046,180160,1
266,0,0,0,0,0,0,42492,38654,664,118,1
267,0,0,0,0,0,0,86306,78230,21122,4610,1
268,0,0,0,0,0,0,4139050,3476662,2547540,912010,1
269,0,0,0,0,0,0,2225268,1985038,1531610,407882,1
270,0,0,0,0,0,0,1444430,1271674,739770,150182,1
271,0,0,0,0,0,76,6329114,5407780,2809464,298836,1
272,0,0,0,0,0,0,4640,2234,1522,0,1
273,0,0,0,0,0,0,5290898,4395162,2440630,589360,1
274,0,0,0,0,0,0,111974,103508,47688,1940,1
275,0,0,0,0,0,0,1852030,1613326,1060362,477332,1
276,0,0,0,0,0,14636,7569914,6858390,1485394,229006,1
277,0,0,0,0,0,0,2268666,1942334,1545082,540918,1
278,0,0,0,0,0,0,62526,57358,18372,288,1
279,0,0,0,0,0,1920,71576,52324,1414,214,1
280,0,0,0,0,0,0,2113066,1795016,643200,69312,1
281,0,0,0,0,0,42146,3507218,3074698,166780,19850,1
282,0,0,0,0,0,0,6098,4796,672,0,1
283,0,0,0,0,0,164,143238,131884,44256,17260,1
284,0,0,0,0,0,0,2697440,2312622,1679998,710760,1
285,0,0,0,0,0,0,9578,8440,668,270,1
286,0,0,0,0,0,1750,0,0,48,8,1
287,0,0,0,0,0,0,29814,21100,2990,502,1
288,0,0,0,0,0,510,2968692,2647066,1218900,241558,1
289,0,0,0,0,1548,323848,14622468,12897234,7867306,1712904,1
290,0,0,0,0,0,0,8012,5476,1044,400,1
291,0,0,0,0,0,0,15748,12534,732,40,1
292,0,0,0,0,0,0,34714,30386,1274,812,1
293,0,0,0,0,0,0,1792706,1678554,880094,190176,1
294,0,0,0,0,0,0,2073946,1789842,867690,144608,1
295,0,0,0,0,0,0,1634564,1471650,1060028,100596,1
296,0,0,0,0,0,0,2396496,2187662,1204394,132414,1
297,0,0,0,0,2412,157656,225634,265664,40398,342,1
298,0,0,0,0,0,0,3224130,2744140,1638800,307914,1
299,0,0,0,0,0,302,40730,37096,492,364,1
300,0,0,0,0,0,0,2401602,1970124,1572666,558270,1
301,0,0,0,0,0,0,42720,37614,2386,172,1
302,0,0,0,0,4630,57828,69786,91084,1032,206,1
303,0,0,0,0,0,0,3913162,3356478,1426426,2415158,1
304,0,0,0,0,0,0,1836188,1527012,1222548,287652,1
305,0,0,0,0,0,25192,74830,74084,1062,136,1
306,0,0,0,0,0,0,0,0,10468,564,1
307,0,0,0,0,0,0,3577026,3069322,2050922,400416,1
308,0,0,0,0,0,0,4124,2252,424,238,1
309,0,0,0,0,0,660,0,657810,187550,44270,1
310,0,0,0,0,0,0,46717246,47327158,0,0,2
311,0,0,0,0,0,0,19570,15038,1596,0,1
312,0,0,0,0,0,0,3232264,2965766,1300656,256272,1
313,0,0,0,0,0,0,2448056,1802822,1695542,638646,1
314,0,0,0,0,0,0,3570628,3241928,1784604,718424,1
315,0,0,0,0,0,0,297698,272660,86432,5152,1
316,0,0,0,0,0,0,1882404,1686084,1069024,618690,1
317,290,452,0,0,0,1558,3212460,2870892,1194946,778536,1
318,0,0,0,0,0,0,4519814,3694742,2797520,621612,1
319,0,0,0,0,0,0,8469114,7347708,5264492,3305848,1
320,0,0,0,0,0,388,104306,91768,3626,792,1
321,0,0,0,0,0,18900,4875214,4482010,1266628,219754,1
322,0,0,0,0,0,0,338754,290496,198770,71788,1
323,0,0,0,0,0,14300,2864190,2615596,633384,71236,1
324,0,0,0,0,0,0,128944,113498,33908,4140,1
325,0,0,0,0,0,0,2867116,2085728,2000866,870478,1
326,0,0,0,0,0,0,926824,822856,400498,260122,1
327,0,0,0,0,0,0,2621884,2312034,1488096,656652,1
328,0,0,0,0,0,0,2239378,1879268,1422616,434424,1
329,0,0,0,0,0,0,1819724,1711626,790428,247656,1
330,2,2,0,0,0,0,24228,18928,238,400,1
331,0,0,0,0,3984,54020,120580,133642,2974,186,1
332,0,0,0,0,0,0,13224,4898,672,0,1
333,0,0,0,0,0,0,2437646,2194138,0,0,1
334,0,0,0,0,0,0,4958422,4233376,2817568,746760,1
335,0,0,0,0,0,96,58644,56040,906,26,1
336,0,0,0,0,0,0,2905198,2515374,1845928,719800,1
337,0,0,0,0,0,0,332398,307918,230570,73010,1
338,0,0,0,0,0,0,2216780,1952446,1453674,500554,1
339,0,0,0,0,0,0,1768924,1556012,728188,208790,1
340,0,0,0,0,0,0,4532574,4084216,423896,45038,1
341,0,0,0,0,0,0,25792,21828,1310,120,1
342,0,0,0,0,0,0,6850278,6133582,2829818,486848,1
343,0,0,0,0,0,41466,1760984,1634522,123174,8510,1
344,0,0,0,0,0,0,2162702,1932024,985838,156258,1
345,0,0,0,0,0,17916,143246,138238,31500,16950,1
346,0,0,0,0,0,0,2449800,2209050,1344974,137014,1
347,1286,1384,0,0,588,1902328,6257964,5482664,2162490,630130,1
348,0,0,0,0,0,0,6475544,5459492,4355606,1892624,1
349,0,0,0,0,0,0,455014,367418,248868,127652,1
350,0,0,0,312,104908,2141482,17788448,16366890,2392856,549504,1
351,0,0,0,0,26972,387338,12050322,11223650,4576810,1335172,1
352,0,0,0,0,0,0,3376280,3113564,1682218,353986,1
353,0,0,0,0,0,0,64354,59660,8298,486,1
354,0,0,0,0,0,0,2488518,2045566,1226486,712408,1
355,0,0,0,0,0,0,3249888,2974358,1921120,486674,1
356,0,0,0,0,0,0,13544,10978,400,700,1
357,0,0,0,0,0,0,2674262,2357380,0,0,1
358,0,0,0,0,0,0,10220,7356,500,492,1
359,0,0,0,0,0,0,2663186,2122348,1557756,505460,1
360,0,0,0,0,0,0,3347734,2827852,1836588,497860,1
361,0,0,0,0,0,0,7554,6778,356,266,1
362,0,0,0,0,0,2734,75564,67950,1678,132,1
363,0,0,0,0,0,0,3931832,3526018,2266692,1229308,1
364,0,0,0,0,0,0,1778380,1641782,1174630,101772,1
365,0,0,0,0,0,0,85294,70690,0,0,1
366,0,0,0,0,0,0,2333062,1970872,1382018,553500,1
367,0,0,0,0,0,0,51008,43310,572,400,1
368,0,0,0,0,0,0,1760494,1588798,1162666,226950,1
369,0,0,0,0,0,0,62634,54850,7382,3384,1
370,0,0,0,0,0,0,2226122,1799390,1152400,372636,1
371,0,0,0,0,0,0,2184278,1908434,1451672,392450,1
372,0,0,0,0,0,0,2378056,2121692,1126790,550016,1
373,0,0,0,0,0,0,4028980,3525560,2278018,1648780,1
374,0,0,0,0,0,0,5400,3224,944,152,1
375,0,0,0,0,0,0,45426,43354,826,408,1
376,0,0,0,0,0,0,246568,219548,132604,10980,1
377,0,0,0,0,0,0,2577908,2317448,914924,96472,1
378,0,0,0,0,0,0,7709022,5494006,5568824,2551642,1
379,0,0,0,0,0,0,4445752,3434766,1937354,132412,1
380,0,0,0,0,0,0,24508,19492,740,324,1
381,0,0,0,0,0,0,2221882,1557958,761154,236730,1
382,0,0,0,0,0,0,149770,141678,46400,15572,1
383,0,0,0,0,0,0,4879232,3740336,3431194,1013212,1
384,0,0,0,0,0,0,2413426,1964298,1329010,327694,1
385,0,0,0,0,0,0,1673196,1412586,109960,12752,1
386,0,0,0,0,0,0,151386,148316,0,0,1
387,0,0,0,0,0,4934,10437294,9347670,3167612,393760,1
388,0,0,0,0,0,7606,16710,18132,912,18,1
389,0,0,0,0,0,0,9454,6706,1488,222,1
390,0,0,0,0,0,0,48265972,37880966,38796712,13979888,2
391,0,0,0,0,0,0,356912,297838,181870,22204,1
392,0,0,0,0,0,0,20662,16618,2674,198,1
393,0,0,0,0,0,0,358690,338036,99384,33756,1
394,0,0,4808,215720,967572,2037438,14884214,13362180,775526,803530,2
395,0,0,0,0,0,0,2329896,1965198,1304862,358562,1
396,0,0,0,0,0,0,44314,40278,12328,720,1
397,0,0,0,0,0,0,2578998,1675884,1584378,397914,1
398,0,0,0,0,0,1784,23830,25084,2166,0,1
399,0,0,0,0,0,0,2288506,1369452,1827796,861874,1
400,0,0,0,0,0,0,2341734,2053238,1378562,531162,1
401,0,0,0,0,0,0,3730238,3362878,2110352,398996,1
402,0,0,0,0,0,0,1920494,1302796,1017902,122460,1
403,0,0,0,0,0,0,3390560,2881552,2087052,268904,1
404,0,0,0,0,0,0,3618214,3149146,2154414,380456,1
405,0,0,0,0,0,0,2117046,1846924,1027530,200756,1
406,0,0,0,0,0,0,56330,46206,2430,374,1
407,0,0,0,0,0,0,3642004,3305524,1289112,1108260,1
408,0,0,0,0,0,0,6402672,5857936,4338418,896724,1
409,0,0,0,0,0,0,18896,16548,1154,0,1
410,0,0,0,0,0,0,1961864,1558630,844690,163614,1
411,0,0,0,0,0,5992,25104,22756,832,152,1
412,0,0,0,0,0,0,0,0,756,94,1
413,0,0,0,0,40024,493856,13602734,5508070,3766466,563668,2
414,0,0,0,0,0,0,1651632,1540018,666554,64688,1
415,0,0,0,0,0,0,1554318,1234678,725564,75088,1
416,0,0,0,0,0,0,2355382,1706472,1582880,791236,1
417,0,0,0,0,0,0,4572600,4085942,2733258,1052318,1
418,0,0,0,0,0,8672,3677734,3424956,824828,178702,1
419,0,0,0,0,0,0,2706892,2058094,1759162,638892,1
420,0,0,0,0,0,7848,583278,555514,118248,6350,1
421,0,0,0,0,0,0,16152,14162,988,8,1
422,0,0,0,0,0,18900,4875214,4482010,1266628,219754,1
423,0,0,0,0,0,0,22845328,20292428,0,0,1
424,0,0,0,0,0,0,3771888,3523238,758482,157960,1
425,0,0,0,0,0,0,5929482,5296792,2549100,204230,1
426,0,0,0,0,0,0,17952,17002,546,312,1
427,0,0,0,0,0,620,2495882,2118392,382628,37444,1
428,0,0,0,0,0,0,149030,133566,3842,996,1
429,0,0,0,0,0,0,4846,4510,414,330,1
430,0,0,0,0,0,0,12084,10272,874,518,1
431,0,0,0,0,0,1488,3013862,2722522,1089490,630690,1
432,0,0,0,0,0,0,47250,22660,3476,674,1
433,0,0,0,0,0,0,4633796,3869988,2690836,512846,1
434,0,0,0,0,0,0,338500,310470,257722,14600,1
435,0,0,0,0,0,0,71919776,50719522,42604180,21013632,1
436,0,0,0,0,0,4384,10114,11424,634,18,1
437,0,0,0,0,0,0,12826,11174,478,438,1
438,0,0,0,0,0,0,9040,6110,2282,402,1
439,0,0,0,0,0,0,19168,16928,368,566,1
440,0,0,0,0,0,0,3088410,2310192,2511872,451234,1
441,0,0,0,0,0,0,2509580,1839912,1489946,548414,1
442,0,0,0,0,0,0,4848,3066,662,322,1
443,0,0,0,0,0,0,2993186,2280570,1514950,324894,1
444,0,0,0,0,0,0,4605864,4119016,2549840,1228006,1
445,0,0,0,0,0,0,46902,42132,17188,2778,1
446,0,0,0,0,0,3042,6691602,5732410,2463180,269846,1
447,0,0,0,0,0,0,111546,101840,14942,488,1
448,0,0,0,0,0,244762,21459168,19616552,2185930,1463154,1
449,0,0,0,0,0,0,2247318,1981472,1103724,404290,1
450,0,0,0,0,0,0,61774,49982,2106,102,1
451,0,0,0,0,0,0,2396356,1758772,1191276,450162,1
452,0,0,0,0,0,0,77884,69390,5354,602,1
453,0,0,0,0,0,157324,2410892,2156098,82382,26652,1
454,0,0,0,0,0,26360,2110186,1874718,522980,39526,1
455,0,0,0,0,0,0,11369594,9880798,4713764,492408,1
456,0,0,0,0,0,92442,10611570,8901344,3129020,805672,1
457,0,0,0,0,0,0,2859472,2455216,1391086,622570,1
458,0,0,0,0,0,0,14724,12734,274,596,1
459,0,0,0,0,0,0,3080,1732,112,38,1
460,0,0,0,0,0,0,19296,14764,8402,860,1
461,0,0,0,0,0,0,108400,90314,58688,1824,1
462,0,0,0,0,0,0,2190418,1742706,1262422,429024,1
463,0,0,0,0,0,0,2990268,2503622,1774222,411090,1
464,0,0,0,0,0,0,2398520,2099516,1340104,339188,1
465,0,0,0,0,0,0,2438654,1972036,1699684,552054,1
466,0,0,0,0,0,0,2951508,2142276,1605326,238522,1
467,0,0,0,0,0,0,2383556,2012924,1536576,289476,1
468,0,0,0,0,0,0,1727848,1394356,1179832,338340,1
469,0,0,0,0,0,0,3771888,3523238,758482,157960,1
470,170,488,0,0,0,0,3371350,3018740,515890,55262,1
471,0,0,12,0,0,61750,37457622,33292908,6059072,711504,1
472,0,0,0,0,0,0,2830114,2538192,1134536,404360,1
473,0,0,0,0,0,0,2653112,2099210,1736994,529812,1
474,0,0,0,0,0,0,192146,170626,71172,4242,1
475,0,0,0,0,0,0,5590796,5090734,2912232,1316554,1
476,0,0,0,0,0,16060,744870,711450,77334,5156,1
477,0,0,0,0,0,164532,1551650,1391926,19438,3788,1
478,0,0,0,0,0,0,8294,5142,472,36,1
479,0,0,0,0,0,4328,187104,160976,63940,11234,1
480,0,0,0,0,0,0,28908,24128,604,570,1
481,0,0,0,0,0,0,7506,6016,374,724,1
482,0,0,0,0,0,3154,16684,16392,306,670,1
483,0,0,0,0,0,0,2197924,1716874,1146306,178340,1
484,0,0,4372,140526,813320,1929702,26575558,25798936,2358236,1819364,2
485,0,0,0,0,0,0,2196222,1898764,1474206,730888,1
486,0,0,0,0,0,17462,1078572,943186,138812,10988,1
487,0,0,0,0,0,0,3204944,2855110,1593454,555314,1
488,0,0,0,0,0,0,40782,33542,4572,786,1
489,0,0,0,0,0,0,1789696,1394732,1255008,475608,1
490,0,0,0,0,0,0,171458,156200,37984,9940,1
491,0,0,0,0,0,6380,3678840,3292536,1723920,145438,1
492,0,0,0,0,0,0,3656788,2741392,2222312,560236,1
493,0,0,11912,15166,8536,2006,8514776,7209196,4502702,4318088,1
494,0,0,0,0,0,0,19564598,16171344,9924274,2277102,1
495,0,0,0,0,0,0,1859874,1597512,1088892,239174,1
496,0,0,0,0,0,0,4188,2624,728,352,1
497,0,0,0,0,0,0,2922698,2095298,1903128,368072,1
498,0,0,0,0,0,0,2428,1676,182,12,1
499,0,0,0,0,0,0,2342904,2099838,1343160,193294,1
500,0,0,0,0,0,0,2080850,1400998,1771798,283984,1
501,0,0,0,0,0,0,2092258,1799996,1153832,342110,1
502,0,0,0,0,0,0,0,0,0,0,1
503,0,0,0,0,0,17354,10319706,9044562,3858066,1339162,1
504,0,0,0,0,0,0,1925668,1444958,1189772,591050,1
505,0,0,0,0,0,5920,1783022,1648932,223652,22558,1
506,0,0,0,0,0,0,13116,10380,1186,52,1
507,0,0,0,0,0,5198,65214,62874,1418,268,1
508,0,0,0,0,0,0,6028,3520,996,24,1
509,0,0,0,0,0,0,40331524,34639856,16216166,1743696,1
510,0,0,0,0,0,0,481454,409116,95828,6796,1
511,0,0,0,0,0,0,1974562,1644440,897602,494730,1
512,0,0,0,0,0,0,3350,1952,926,0,1
513,0,0,0,0,0,0,84924,75150,4004,526,1
514,0,0,0,0,0,0,79014,64322,0,0,1
515,0,0,0,0,0,0,1469028,1135972,1137518,149796,1
516,0,0,0,0,0,0,2279992,1832106,876946,126058,1
517,0,0,0,0,0,0,56966,49278,8392,20540,1
518,0,0,0,0,0,2482,39708,21352,4940,896,1
519,0,0,0,0,0,3510,6415604,5529462,816820,106654,1
520,0,0,0,0,0,0,1911158,1796788,648366,62256,1
521,0,0,0,0,0,0,2655872,2407188,1637482,236322,1
522,0,0,0,0,0,0,1666218,1364628,761422,158456,1
523,0,0,0,0,0,0,2300898,1926532,1229834,177446,1
524,0,0,0,0,0,0,2857026,2534000,1375422,223910,1
525,0,0,0,0,0,0,100546,86814,46934,9972,1
526,0,0,0,0,0,258,60076,54026,4950,1632,1
527,0,0,0,0,0,0,2350924,1677874,1501368,238730,1
528,0,0,0,0,0,0,4619814,3978084,2671164,1193480,1
529,0,0,0,0,0,0,160170,133088,83254,14224,1
530,0,0,0,0,0,0,5236,3324,0,0,1
531,0,0,0,0,0,0,21454,18740,356,0,1
532,0,0,0,0,0,0,4932818,4055532,1800302,226148,1
533,0,0,0,0,0,0,1739686,1411808,1238042,185526,1
534,0,0,0,0,0,0,161560,137768,69092,19964,1
535,0,0,0,0,0,0,2154226,1878094,876230,125120,1
536,0,0,0,0,0,15346,635356,605022,141310,5568,1
537,0,0,0,0,0,110,2450666,2047054,998604,585840,1
538,0,0,0,0,0,0,4400,2104,504,504,1
539,0,0,0,0,0,0,2640506,2189688,1741266,683414,1
540,0,0,0,0,0,30526,1583110,1454880,278968,23822,1
541,0,0,0,0,17214,1054242,17508428,16127584,2542300,374790,1
542,0,0,0,0,0,0,3805664,3382072,1957702,398260,1
543,0,0,0,0,0,0,11402,9528,620,500,1
544,0,0,0,0,0,0,2847070,2345158,1714800,289278,1
545,0,0,0,0,0,0,16326,14798,210,8,1
546,0,0,0,0,0,0,14988,12566,1274,0,1
547,0,0,0,0,0,0,2687576,2360166,1890588,490706,1
548,0,0,454,34244,209122,58730,3028206,2539436,1899428,917334,1
549,0,0,0,0,0,0,3594744,3184802,2021124,290156,1
550,0,0,0,0,0,0,33607964,22084364,24688906,14098444,1
551,0,0,0,0,0,0,1674122,1275488,1265384,309964,1
552,0,0,0,0,0,0,8747020,7308772,4298978,742732,1
553,0,0,0,0,0,0,5102220,4454756,2221204,867100,1
554,0,0,0,0,0,0,4634,2462,0,0,1
555,0,0,0,0,0,0,10748,6768,670,0,1
556,0,0,0,0,0,0,59340,55916,944,354,1
557,0,0,0,0,0,0,1940008,1575486,1361710,379702,1
558,0,0,0,0,0,0,6712292,6177970,3390804,1398840,1
559,0,0,0,0,0,0,3646552,3288792,1740298,219756,1
560,0,0,0,0,0,0,110682,100992,32984,1286,1
561,0,0,0,0,0,0,1739644,1440150,1350864,398740,1
562,0,0,0,0,0,0,1880964,1709064,766974,235254,1
563,0,0,0,0,0,0,2388116,2159748,1001416,232640,1
564,0,0,0,0,0,0,1938696,1589032,989982,708972,1
565,0,0,0,0,0,464,17126,16710,728,920,1
566,0,0,0,0,0,3704,2650318,2372428,1140152,474246,1
567,0,0,0,0,0,0,312614,281116,52752,74158,1
568,4,4,0,0,0,0,15758,12878,1116,6,1
569,0,0,0,0,0,17354,10319706,9044562,3858066,1339162,1
570,0,0,0,0,0,0,486750,460330,4976,1100,1
571,0,0,0,0,0,0,4776610,4123302,2929508,1253248,1
572,0,0,0,0,0,0,2260214,2053720,1044570,373436,1
573,2,2,0,0,0,7356,35858,34090,914,36,1
574,0,0,0,0,0,0,18926,15192,226,0,1
575,0,0,0,0,0,0,67908,64692,7892,482,1
576,0,0,0,0,0,8504,5082906,4485230,407146,33510,1
577,0,0,0,0,0,0,9392,7224,284,536,1
578,0,0,0,0,0,120,6532,4946,964,0,1
579,0,0,0,0,0,0,14802,12752,1452,138,1
580,0,0,0,0,0,1736,2572320,2061212,1093796,518590,1
581,0,0,0,0,0,164,2410294,2138038,430644,45226,1
582,0,0,0,0,0,0,5634,4116,1742,176,1
583,0,0,0,0,0,72776,2404734,2250844,796012,380940,1
584,0,0,0,0,0,0,2404832,2107314,981802,200156,1
585,0,0,0,0,0,0,2139984,1813068,1291438,204672,1
586,0,0,0,0,0,0,2428994,2238244,1038964,125610,1
587,0,0,0,0,0,0,10656,9362,464,570,1
588,0,0,0,0,0,138188,6813612,6454222,1824826,1003932,1
589,0,0,0,0,0,4586,46420,22340,4328,538,1
590,0,0,0,0,0,19206,31551316,25053458,12968020,1867160,1
591,0,0,0,0,0,0,2332,1150,1036,0,1
592,2,6,0,0,0,0,7578,4556,1844,64,1
593,0,0,0,0,0,100714,0,0,551590,120050,2
594,0,0,0,0,0,0,13408,9182,560,554,1
595,0,0,0,0,6304,1135050,1661498,1899448,401630,63254,1
596,0,0,0,0,0,0,2638528,2305118,1749244,548682,1
597,0,0,0,0,0,0,1885628,1729678,1189160,210066,1
598,0,0,0,0,0,0,76216,71522,2286,144,1
599,0,0,0,0,0,0,164466,154932,22318,992,1
600,0,0,0,0,0,0,3590992,3025368,2048598,481848,1
601,0,0,0,0,0,0,107560,98142,35482,952,1
602,0,0,0,0,0,0,80146,73194,6932,640,1
603,0,0,0,0,0,0,2512136,2172348,1368650,720814,1
604,0,0,0,0,0,0,1885064,1665490,156256,17124,1
605,0,0,0,0,0,0,738588,665718,113700,14802,1
606,0,0,0,0,0,1876,3381550,3114636,1207186,226744,1
607,0,0,0,0,0,0,6881058,5737046,4052172,1150694,1
608,0,0,0,0,0,0,153832,130940,40256,1890,1
609,0,0,0,0,0,181156,4812316,4545230,1441456,432914,1
610,0,0,0,0,0,0,187130,175662,113856,5200,1
611,0,0,0,0,0,0,348722,303578,137062,8702,1
612,0,0,0,0,0,0,4814232,3092084,2625082,3721830,1
613,0,0,0,0,0,0,2763614,2499680,1912638,482468,1
614,0,0,0,0,0,0,2638934,2151280,1018108,103292,1
615,0,0,0,0,0,0,2922050,2514682,1071282,250262,1
616,0,0,0,0,0,0,65669314,49239732,59771152,24241148,1
617,0,0,0,0,0,0,5493050,5227254,2472450,1339808,1
618,0,0,0,0,0,0,3401468,3072480,1995014,472452,1
619,0,0,0,0,0,9828,472132,447750,34496,2992,1
620,0,0,0,0,0,0,47844,41116,21252,396,1
621,0,0,0,0,0,0,3715596,3205806,2302314,624464,1
622,0,0,0,0,0,0,3451662,2957636,1376470,658002,1
623,0,0,0,0,0,0,5540810,4943276,3443800,832564,1
624,0,0,0,0,0,0,3047722,2702294,1697600,440424,1
625,0,0,0,0,0,184852,15339470,14401024,3996790,2913862,1
626,0,0,0,0,0,0,5830626,5013026,2817340,504248,1
627,6,10,0,0,0,0,21884,17920,606,46,1
628,0,0,0,0,0,0,1733260,1469414,1141092,486218,1
629,0,0,0,0,0,0,3702588,3185508,2338344,1035104,1
630,0,0,0,0,0,0,2691098,2363344,1306432,541086,1
631,0,0,0,0,0,0,2282264,1996026,1532910,357150,1
632,0,0,0,0,0,0,4630926,3494854,1977650,259148,1
633,0,0,0,0,0,0,180844,169080,96786,3638,1
634,0,0,0,0,0,3088,10975102,10142828,5327186,2157486,1
635,0,0,0,0,0,0,31412,25444,4178,1332,1
636,0,0,0,0,0,0,124638,115452,16918,1242,1
637,0,0,0,6086,115284,1263866,1393150,1510548,12688,4108,1
638,0,0,0,0,0,0,3459226,2899730,1661048,364206,1
639,0,0,0,0,0,0,52524,46556,12864,282,1
640,0,0,0,0,0,0,7184,4954,570,442,1
641,0,0,0,0,0,0,113468,105592,1870,390,1
642,0,0,0,0,0,0,92386,83936,27960,1192,1
643,0,0,0,0,0,5616,10430884,9402334,4436478,2094996,1
644,0,0,0,0,0,0,2731632,2278948,1109298,146494,1
645,0,0,0,0,0,0,108546,96238,52888,5342,1
646,0,0,0,0,0,0,6557468,5689620,3701332,969932,1
647,0,0,0,0,0,0,3842184,3489178,1885454,858668,1
648,0,0,0,0,0,0,6816892,6251776,2794794,721516,1
649,0,0,0,2716,656148,6846624,46652870,41451492,12192052,10233412,2
650,0,0,0,0,0,0,2191684,1986178,831074,211454,1
651,0,0,0,0,0,0,20516,17758,728,340,1
652,0,0,0,0,0,0,2979746,2484778,1087826,498354,1
653,0,0,0,0,0,0,605076,534946,239568,98198,1
654,0,0,0,0,0,27530,47734,41080,722,72,1
655,0,0,0,0,0,0,1630128,1091538,1128866,639514,1
656,0,0,0,0,0,12112,10988380,10170276,3861250,1074128,1
657,0,0,0,0,0,0,4915676,4125214,1825732,3136928,1
658,0,0,0,0,0,0,2349522,1799240,1368332,508380,1
659,0,0,0,0,0,0,9020,6006,496,336,1
660,0,0,0,0,0,0,2519012,2167872,1348194,188208,1
661,0,0,0,0,0,0,3602032,3177850,2348052,901480,1
662,0,0,0,0,0,0,3473324,2863996,2126352,1701572,1
663,0,0,0,0,0,0,2608518,2179156,1682358,867452,1
664,0,0,0,0,0,0,2722002,2336220,1872706,787954,1
665,0,0,0,12,23326,543902,3700332,3415320,2236474,518262,1
666,0,0,0,0,0,0,1704672,1283772,1178968,609378,1
667,0,0,0,0,0,0,15940,14384,490,26,1
668,2,2,0,0,0,0,9480,7268,948,0,1
669,0,0,0,0,0,0,5136328,4556142,1677382,196400,1
670,0,0,0,0,0,0,2491284,2223220,636380,46496,1
671,806,3220,0,0,16644,1109398,12390550,11460884,1897952,350644,1
672,0,0,0,0,0,0,3220236,2886526,1939422,453284,1
673,0,0,0,0,0,0,2368190,2101506,1407236,328368,1
674,0,0,0,0,0,0,8384,5868,1272,136,1
675,0,0,0,0,0,934,59812,55020,1602,678,1
676,0,0,0,0,0,0,4613866,4344558,2084978,294856,1
677,0,0,0,0,0,0,3398420,2987880,1835998,567760,1
678,0,0,0,0,0,0,8240,4774,974,6,1
679,0,0,0,0,0,0,16036,11960,9864,154,1
680,0,0,0,0,0,41276,1587792,1459822,265094,167282,1
681,0,0,0,0,0,0,2014176,1619206,1244064,361606,1
682,0,0,0,0,0,0,3534146,3040566,2013372,1427568,1
683,0,0,0,0,0,0,1707318,1438422,1278274,317086,1
684,0,0,0,0,0,0,98730,90940,53156,1402,1
685,0,0,0,0,0,0,521880,483208,93172,22060,1
686,0,0,0,126,24634,71538,72976,103486,922,90,1
687,0,0,0,0,0,0,399834,351578,244774,42556,1
688,0,0,0,0,0,0,64844,57390,17106,1176,1
689,0,0,0,0,0,0,125384,115910,43820,16716,1
690,0,0,0,0,0,0,3022394,2655196,1774900,549718,1
691,0,0,0,0,0,0,1054178,919250,294868,49392,1
692,0,0,0,0,0,0,2338228,2012560,1242166,204406,1
693,0,0,0,0,0,0,0,0,420,412,1
694,0,0,0,0,0,204,2173436,1759370,802856,184938,1
695,0,0,0,0,0,0,2446616,2035028,1109548,507990,1
696,0,0,0,0,0,0,7432,4460,272,618,1
697,0,0,0,0,0,92,2677994,2218316,781328,154328,1
698,0,0,0,0,0,0,246604,209476,150870,18180,1
699,0,0,0,0,0,0,63236,57538,16222,202,1
700,0,0,0,0,0,0,2485104,2220890,1545924,458088,1
701,0,0,0,0,0,0,31094,27750,1044,30,1
702,0,0,0,0,0,57214,2103536,2013776,679532,185902,1
703,0,0,0,0,0,0,2099772,1770164,702174,163068,1
704,0,0,0,0,0,0,3813646,3463572,1695476,1289430,1
705,0,0,0,0,0,0,2251826,1991666,1197888,369166,1
706,0,0,0,0,0,0,5211768,4663364,0,0,1
707,0,0,0,0,0,12614,66930,63808,2506,66,1
708,0,0,0,0,0,0,56559980,42526318,38907668,5050048,2
709,0,0,0,0,0,0,2345374,1321118,1412360,219028,1
710,0,0,0,0,0,0,13200620,12245060,0,0,1
711,0,0,0,0,0,0,260510,206320,39860,2514,1
712,0,0,0,0,0,0,2433396,2197612,1570126,421886,1
713,0,0,0,0,0,0,1685392,1399254,888028,421880,1
714,0,0,0,0,0,0,434330,354618,95558,10800,1
715,0,0,0,0,0,0,7084,5170,988,0,1
716,0,0,0,0,0,0,16720,13060,1542,116,1
717,0,0,0,0,0,0,16484,12800,1852,264,1
718,0,0,0,0,0,0,221708,188090,83404,9866,1
719,0,0,0,0,0,0,5839752,5107234,2972388,554520,1
720,0,0,0,0,0,162,4548222,3897504,1026898,93166,1
721,0,0,0,0,0,0,14518,12666,70,8,1
722,0,0,0,0,0,0,2407008,2126318,1278198,168536,1
723,0,0,0,0,0,0,2370038,1899536,1471436,860016,1
724,0,0,0,0,8,586034,3620694,3665324,932452,49762,1
725,0,0,0,0,0,0,4289518,3234528,2211710,589190,1
726,0,0,0,0,0,0,2519414,2240174,1060294,95338,1
727,0,0,0,0,0,0,102070,90560,35788,2166,1
728,0,0,0,0,0,0,1855324,1550848,1202172,219906,1
729,0,0,0,0,0,4034,35304,26216,4286,88,1
730,0,0,0,0,0,0,1721092,1534938,614074,43482,1
731,0,0,0,0,0,0,106926,98340,22096,720,1
732,0,0,0,0,0,0,122612,114352,61028,966,1
733,0,0,0,0,0,0,2471658,2230964,1522176,394312,1
734,1464,1808,0,0,4592,1167562,258,20,416392,38388,1
735,274,538,0,0,0,1652,3220930,2979908,122036,9810,1
736,0,0,0,0,0,0,46118,38642,1896,572,1
737,0,0,0,0,0,0,2714128,2133430,2182874,617504,1
738,0,0,0,0,0,0,2244712,2101992,1052746,91244,1
739,18,14,0,0,0,0,62278,47694,5838,250,1
740,0,0,0,0,0,0,127020,119608,1174,308,1
741,0,0,0,0,0,0,2337782,2033398,1264288,391638,1
742,0,0,0,0,0,0,14404690,12568364,278284,15514,1
743,8,12,0,0,0,0,8018,7334,652,548,1
744,0,0,0,0,0,0,4754224,3983056,2759624,840318,1
745,0,0,0,0,0,0,1521754,1422804,951410,203086,1
746,0,0,0,0,0,0,3976002,3598550,895546,83738,1
747,0,0,0,0,0,0,1830214,1474246,1060968,521922,1
748,0,0,0,0,0,0,57206,53442,6484,2486,1
749,0,0,0,0,65836,1630616,16831678,13634210,5035720,2172564,2
750,0,0,0,0,0,0,30013332,27989910,0,0,1
751,0,0,0,0,5942,743670,6346180,6046304,2077588,1067676,1
752,0,0,0,0,0,0,2172544,1628172,1351614,587530,1
753,0,0,0,0,0,0,871446,855502,0,0,1
754,0,0,0,0,0,0,26114,21884,7260,368,1
755,342,274,0,0,0,15090,1365578,1218410,446138,147848,1
756,0,0,0,0,0,0,1864562,1527314,1252972,414428,1
757,0,0,0,0,0,0,120962,114478,94636,2982,1
758,0,0,0,0,0,0,3198156,2777644,1918870,344740,1
759,0,0,0,0,0,976,51020,41848,8940,562,1
760,0,0,0,0,0,5288,138972,126844,37794,1516,1
761,0,0,0,0,0,594,2615632,2136408,1034874,213058,1
762,0,0,0,0,0,0,625602,594178,132272,3822,1
763,0,0,0,0,0,0,2290326,2012164,1208658,797676,1
764,0,0,0,0,0,0,220756,190454,62896,13870,1
765,0,0,0,0,0,0,1748176,1519774,1121168,360780,1
766,0,0,0,0,0,0,5450,3702,1058,16,1
767,0,0,0,0,0,0,5281904,4138974,3003250,580844,1
768,0,0,0,0,0,0,2153120,1701846,868128,279366,1
769,0,0,0,0,0,0,101026,93208,3360,346,1
770,0,0,0,0,0,0,18386,16436,1242,124,1
771,0,0,0,0,0,0,60895560,54661178,1476710,511120,2
772,0,0,0,0,0,6524,239916,223582,12218,1268,1
773,0,0,0,66,206262,3970100,0,26816746,3607322,599104,1
774,0,0,0,0,0,0,5052,2962,2536,418,1
775,0,0,0,0,0,190762,12128652,11168084,1549188,205860,1
776,0,0,0,0,0,0,75490,69520,16318,1208,1
777,0,0,0,0,0,0,2441198,2182332,1233418,216152,1
778,0,0,0,0,0,0,2301528,1928550,1585444,489248,1
779,0,0,0,0,0,0,1667164,1459638,1076820,392002,1
780,0,0,0,0,0,0,2383284,1926878,1334814,1087052,1
781,0,0,0,0,0,0,14852,11382,844,612,1
782,0,0,0,0,0,517980,11363950,9874980,4656470,987044,1
783,0,0,0,0,0,0,2795334,2433854,1504308,345372,1
784,0,0,0,0,0,0,4890,2834,362,548,1
785,0,0,0,0,0,0,24316934,22529096,0,0,1
786,0,0,0,0,0,0,4914224,4295600,2708622,440928,1
787,0,0,0,0,0,0,2201378,1900716,1377828,416376,1
788,0,0,0,0,0,0,2109434,1878954,1170500,564734,1
789,0,0,0,0,0,0,92838,83284,74030,1312,1
790,0,0,0,0,0,0,2725856,2458978,1367534,1187432,1
791,0,0,0,0,0,0,2156826,1708840,1080170,242224,1
792,0,0,0,0,0,0,101808,92872,16940,664,1
793,0,0,0,0,0,0,105728,94602,5652,580,1
794,0,0,0,0,0,252,2874204,2438520,602044,143038,1
795,64,78,0,0,0,496,103912,88032,50,30,1
796,0,0,0,0,0,0,24864,19454,4166,226,1
797,0,0,0,0,0,0,3029724,2389944,1229000,257728,1
798,34,22,0,0,0,0,1342372,1161534,712694,284304,1
799,192,330,0,0,0,0,3403052,3124742,1455012,286906,1
800,0,0,0,0,0,0,131044,113054,1558,244,1
801,0,0,0,0,0,0,111304,101628,53816,464,1
802,0,0,0,0,0,1062,52298044,44330930,5005900,2144628,2
803,0,0,0,0,0,0,13369378,12639370,7334206,1942530,1
804,0,0,0,0,0,0,12428,8158,2642,76,1
805,0,0,0,0,0,0,3718590,2935482,2734008,612940,1
806,0,0,0,0,0,48,217562,192890,2442,342,1
807,0,0,0,0,0,0,2429736,2109520,1603572,352104,1
808,0,0,0,0,0,0,11000,7396,592,1858,1
809,0,0,0,0,0,0,46482,37954,10952,2088,1
810,0,0,0,0,0,0,67708,52148,26878,892,1
811,0,0,0,0,0,0,4523678,4186288,2883158,582208,1
812,0,0,0,0,0,140,42609000,23405842,37968376,16937598,2
813,0,0,0,0,0,0,2690140,2219624,1450560,638830,1
814,0,0,0,0,0,0,3620864,3161102,2188308,350998,1
815,0,0,0,0,0,0,1378400,1123074,825758,186072,1
816,0,0,0,0,0,0,86302,77406,69012,4186,1
817,0,0,0,0,0,0,3430458,3112566,1853198,1101334,1
818,0,0,0,0,0,8250,7126438,6617058,990594,167474,1
819,0,0,0,0,0,0,128602,116534,3650,578,1
820,0,0,0,0,0,0,10920,9180,1790,880,1
821,0,0,0,0,0,12808,2154086,1872472,896432,254256,1
822,0,0,0,0,0,0,3268486,2764462,1100340,157818,1
823,0,0,0,0,0,0,5569876,5113122,1085360,120904,1
824,0,0,0,0,0,0,76448,67446,15502,4254,1
825,0,0,0,0,0,0,43486,40240,3632,170,1
826,0,0,0,0,0,0,4505506,3890712,2979492,537948,1
827,0,0,0,0,0,0,0,0,2192,124,1
828,0,0,0,0,0,50,12296432,11245464,5854914,927994,1
829,0,0,0,0,0,3434,38394,32440,868,0,1
830,0,0,0,1094,63812,911674,11402636,6322046,2525904,1619200,2
831,0,0,0,0,0,44532,99794,107952,10082,562,1
832,0,0,0,0,0,0,620738,576028,172694,135576,1
833,0,0,0,0,0,0,2098,2082,0,0,1
834,0,0,0,0,0,0,2339712,2053060,1274634,449884,1
835,0,0,0,0,0,0,9330,8116,738,556,1
836,0,0,0,0,0,0,2251220,2056710,1294278,194044,1
837,0,0,0,0,0,0,85588,77252,3960,840,1
838,0,0,0,0,0,0,3311134,3075920,2113820,509144,1
839,0,0,0,0,0,1572,37260,31684,3002,388,1
840,2,2,0,0,0,0,13042,9770,988,28,1
841,0,0,0,0,0,136360,68545856,60198454,5207902,4589476,1
842,0,0,0,0,0,0,9478,7008,990,608,1
843,0,0,0,0,0,0,47773542,41876258,11448522,26617244,1
844,0,0,0,0,0,0,134248,123180,37744,1082,1
845,0,0,0,0,0,0,2798,1420,548,0,1
846,0,0,0,0,0,0,15390,11506,1180,102,1
847,0,0,0,0,0,0,13154,10948,264,602,1
848,0,0,0,0,0,0,5121770,4353638,3332278,1017242,1
849,0,0,0,0,0,5310,7701826,6856758,3025066,639698,1
850,0,0,0,0,0,0,143654,130312,1296,272,1
851,0,0,0,0,0,0,2446618,2138936,1254322,155880,1
852,0,0,0,0,0,0,739658,710648,292628,27348,1
853,0,0,0,0,0,0,1796014,1501176,893676,307840,1
854,0,0,0,0,0,0,1670834,1509482,1207812,221864,1
855,0,0,0,0,0,30426,7410358,6924794,811666,138544,1
856,0,0,0,0,0,0,21102684,17401960,0,0,1
857,0,0,0,0,0,0,66084,58816,45392,3270,1
858,0,0,0,0,0,0,2556644,2112846,1910952,223798,1
859,0,0,0,0,0,0,102414,94956,1592,286,1
860,0,0,0,0,0,0,2314220,1912748,1607794,314060,1
861,0,0,0,0,0,0,1745640,1487248,1064726,250302,1
862,0,0,0,0,0,0,104008,95188,4370,1798,1
863,0,0,0,0,0,0,2776334,2488042,1353452,372760,1
864,0,0,0,0,0,178,5164868,4536872,1321824,274986,1
865,0,0,0,0,0,0,9370,8062,912,20,1
866,0,0,0,0,0,58,2337436,1866988,862032,83608,1
867,0,0,0,0,4126,390978,18436506,16651594,3610758,740386,1
868,0,0,0,0,0,23366,24988,30510,426,530,1
869,0,0,0,0,4356,11032,97490,101472,934,450,1
870,0,0,0,0,0,0,56560208,42526336,38907668,5050354,2
871,0,0,0,0,0,44,165576,141222,31274,9918,1
872,0,0,0,0,0,1110,198814,176818,5072,824,1
873,0,0,0,0,0,6992,2934072,2314576,1115546,506176,1
874,0,0,0,0,0,0,7512,5556,664,10,1
875,0,0,0,0,0,0,99428,87122,55072,5228,1
876,0,0,0,0,0,0,1982026,1718666,699250,55474,1
877,0,0,0,0,0,0,11807978,9400332,6606814,2054820,1
878,0,0,0,0,0,0,2317576,2068270,1079900,362806,1
879,0,0,0,0,0,0,323092,300230,118152,72922,1
880,0,0,0,0,0,0,2550858,2269602,1425452,571576,1
881,0,0,0,0,0,0,7023178,6259722,0,0,1
882,0,0,0,0,0,0,2233534,1803574,1402856,674564,1
883,0,0,0,0,0,0,4175702,3487618,2702950,859682,1
884,0,0,0,0,0,0,3142220,2598674,1287068,301606,1
885,0,0,0,0,0,43268,119322,121382,7618,796,1
886,0,0,0,0,0,0,12986,9382,1916,120,1
887,0,0,0,0,0,0,6886,5676,0,0,1
888,144,188,0,0,0,258566,10798958,9785860,3095304,1070230,1
889,0,0,0,0,0,0,4682866,3882520,2202148,393328,1
890,0,0,0,0,0,77356,2280732,2129126,80738,17246,1
891,0,0,0,0,0,0,8105438,7210094,4334716,428698,1
892,0,0,0,0,0,0,98498,91388,33280,1986,1
893,0,0,0,0,0,0,3207022,2507072,1838276,961564,1
894,0,0,0,0,0,0,3752676,3138578,1939332,363256,1
895,0,0,0,3564,317530,1994798,1957576,1953412,9294,1452,2
896,0,0,0,0,0,0,4039338,3505888,1107882,93086,1
897,0,0,0,0,0,0,24308,20596,1578,102,1
898,0,0,0,0,0,0,2645770,2276078,1390030,544890,1
899,0,0,0,0,0,0,5386,2442,954,2,1
900,0,0,0,0,0,0,3390960,2892356,1960864,299732,1
901,0,0,0,0,0,34416,1140636,1028748,77866,14096,1
902,0,0,0,0,0,0,31510,27982,604,182,1
903,0,0,0,0,0,0,2233944,1648984,1761374,215042,1
904,0,0,0,0,0,0,19086,16968,1776,742,1
905,176,160,0,0,0,0,1846212,1666436,815640,504874,1
906,0,0,0,0,0,0,7244310,6329104,3739550,986854,1
907,0,0,0,0,0,6528,11552912,10255378,3221000,417270,1
908,0,0,0,0,0,0,2663168,2009882,1369152,1157020,1
909,0,0,0,0,0,534,19270,15994,1050,72,1
910,0,0,0,0,0,0,6284,5626,982,28,1
911,6,14,0,0,0,0,18442,13720,406,700,1
912,0,0,0,0,0,0,11374,8802,3860,76,1
913,0,0,0,0,0,0,1694614,1436164,1225140,301076,1
914,0,0,0,0,0,330,24172,23340,846,636,1
915,0,0,0,0,54,3890,9082,10698,1228,0,1
916,0,0,0,0,0,0,9442,7966,364,536,1
917,0,0,0,0,0,0,5188610,4481282,2845286,903632,1
918,0,0,0,0,0,325082,1651726,1650060,439826,80300,1
919,0,0,0,0,0,0,1648842,1521978,558360,63436,1
920,0,0,0,0,0,0,6222,4334,320,30,1
921,0,0,0,0,0,6938,3451174,3046778,643532,61774,1
922,0,0,0,0,0,3444,43713062,38767180,23574878,5385902,2
923,0,0,0,0,0,0,2262362,2062188,1346508,312042,1
924,0,0,0,0,0,0,2379722,2009704,1361162,584582,1
925,0,0,0,0,0,0,4958712,4192640,2726764,765794,1
926,0,0,0,0,0,0,2102872,1797646,1176054,549380,1
927,0,0,0,0,0,0,2432980,2027030,1361124,207312,1
928,0,0,0,0,0,0,3214792,2546382,1904546,1076344,1
929,0,0,0,0,0,3510,6415604,5529462,816820,106654,1
930,0,0,0,0,0,0,25956,22266,9064,3496,1
931,0,0,0,0,0,0,992482,856370,375692,82950,1
932,0,0,0,0,0,0,664564,579150,190242,15426,1
933,0,0,0,0,0,0,2941320,2870512,0,0,1
934,0,0,0,0,0,0,2102570,1798000,1267048,724282,1
935,0,0,0,0,0,68342,26380634,24516056,377582,29932,1
936,0,0,0,0,0,0,2683522,2267750,1677674,494748,1
937,2,8,0,0,0,0,26616,21128,7004,2224,1
938,0,0,0,0,0,0,3161656,2719286,1467140,505598,1
939,0,0,0,0,0,0,1784234,1475540,1286528,434800,1
940,0,0,0,0,0,0,5643900,4992734,2975342,711986,1
941,0,0,0,0,0,0,712716,609432,120090,9388,1
942,0,0,0,0,0,0,6133862,5433038,3432554,965158,1
943,0,0,0,0,0,0,2279940,1976338,1485458,755110,1
